,date,station,zipcode,value
0,2010-01-01,GHCND:USW00092805,33060,23
1,2010-01-01,GHCND:USW00012815,32827,150
2,2010-01-02,GHCND:USW00024229,97218,0
3,2010-01-02,GHCND:USW00093721,21240,0
4,2010-01-02,GHCND:USW00024127,84116,10
5,2010-01-02,GHCND:USW00012815,32827,0
6,2010-01-03,GHCND:USW00093225,95837,3
7,2010-01-03,GHCND:USW00093225,95837,3
8,2010-01-03,GHCND:USW00094789,11430,0
9,2010-01-03,GHCND:USW00093228,94541,0
10,2010-01-04,GHCND:USW00093225,95837,0
11,2010-01-05,GHCND:USW00093225,95837,3
12,2010-01-05,GHCND:USW00093225,95837,3
13,2010-01-05,GHCND:USW00093225,95837,3
14,2010-01-05,GHCND:USW00093225,95837,3
15,2010-01-06,GHCND:USW00023293,95110,0
16,2010-01-06,GHCND:USW00093225,95837,0
17,2010-01-06,GHCND:USW00093225,95837,0
18,2010-01-06,GHCND:USW00012894,33913,0
19,2010-01-07,GHCND:USW00093721,21240,3
20,2010-01-07,GHCND:USC00083163,33315,0
21,2010-01-08,GHCND:USW00093225,95837,13
22,2010-01-09,GHCND:US1FLDV0037,32218,3
23,2010-01-09,GHCND:US1AZMR0013,85260,0
24,2010-01-10,GHCND:USW00023188,92101,0
25,2010-01-10,GHCND:USC00446147,23502,0
26,2010-01-10,GHCND:USW00023234,94128,0
27,2010-01-10,GHCND:USW00013968,74115,0
28,2010-01-10,GHCND:USW00022536,96766,0
29,2010-01-11,GHCND:USW00013995,65803,0
30,2010-01-11,GHCND:USW00013904,78719,0
31,2010-01-11,GHCND:USW00093225,95837,0
32,2010-01-12,GHCND:USW00013904,78719,0
33,2010-01-12,GHCND:USW00014740,06096,0
34,2010-01-12,GHCND:USW00014740,06096,0
35,2010-01-12,GHCND:US1TXTN0023,76051,0
36,2010-01-13,GHCND:USW00023234,94128,3
37,2010-01-13,GHCND:USW00023293,95110,46
38,2010-01-14,GHCND:USW00093225,95837,3
39,2010-01-14,GHCND:USW00023188,92101,0
40,2010-01-15,GHCND:USW00023230,94621,0
41,2010-01-15,GHCND:USW00014732,11371,0
42,2010-01-16,GHCND:USW00093225,95837,3
43,2010-01-16,GHCND:USW00012815,32827,18
44,2010-01-16,GHCND:US1CASJ0006,95206,0
45,2010-01-16,GHCND:USW00093225,95837,3
46,2010-01-16,GHCND:USC00516395,96818,0
47,2010-01-16,GHCND:USC00502587,99685,3
48,2010-01-17,GHCND:USW00012815,32827,28
49,2010-01-17,GHCND:USC00511038,96766,0
50,2010-01-17,GHCND:USW00012815,32827,28
51,2010-01-17,GHCND:USC00046572,93030,292
52,2010-01-17,GHCND:USW00013722,27560,371
53,2010-01-18,GHCND:USC00511065,96720,0
54,2010-01-19,GHCND:USC00500275,99502,0
55,2010-01-19,GHCND:USC00511038,96766,0
56,2010-01-19,GHCND:US1MTMS0009,59808,3
57,2010-01-19,GHCND:USW00012815,32827,0
58,2010-01-20,GHCND:USW00023183,85034,0
59,2010-01-20,GHCND:USC00511038,96766,0
60,2010-01-20,GHCND:USW00014765,02886,0
61,2010-01-21,GHCND:USW00094789,11430,0
62,2010-01-22,GHCND:USC00511065,96720,0
63,2010-01-22,GHCND:USW00013960,75235,0
64,2010-01-23,GHCND:USW00012894,33913,33
65,2010-01-24,GHCND:USW00054787,11735,0
66,2010-01-24,GHCND:USW00093225,95837,20
67,2010-01-25,GHCND:USW00023234,94128,71
68,2010-01-25,GHCND:USW00023050,87116,0
69,2010-01-26,GHCND:USW00003947,64153,0
70,2010-01-27,GHCND:USW00012894,33913,0
71,2010-01-27,GHCND:USW00012894,33913,0
72,2010-01-27,GHCND:USW00012894,33913,0
73,2010-01-27,GHCND:USW00003017,80249,5
74,2010-01-28,GHCND:USW00024127,84116,0
75,2010-01-28,GHCND:USW00013881,28208,0
76,2010-01-28,GHCND:US1TXTN0023,76051,0
77,2010-01-29,GHCND:US1KSFI0002,67846,175
78,2010-01-29,GHCND:USW00093225,95837,5
79,2010-01-30,GHCND:USC00083163,33315,0
80,2010-01-30,GHCND:USW00093225,95837,0
81,2010-01-31,GHCND:USW00013722,27560,0
82,2010-02-01,GHCND:US1ILWM0005,62959,0
83,2010-02-01,GHCND:USW00012815,32827,157
84,2010-02-02,GHCND:USW00023188,92101,0
85,2010-02-04,GHCND:US1ARWS0008,72764,0
86,2010-02-04,GHCND:US1TXCMR012,78550,457
87,2010-02-05,GHCND:USW00093225,95837,25
88,2010-02-05,GHCND:USW00093225,95837,25
89,2010-02-05,GHCND:US1CASB0001,93117,137
90,2010-02-06,GHCND:USW00013876,35212,0
91,2010-02-06,GHCND:USW00022536,96766,0
92,2010-02-06,GHCND:USC00518543,96732,0
93,2010-02-09,GHCND:USW00093037,80916,0
94,2010-02-09,GHCND:USW00013781,19720,147
95,2010-02-09,GHCND:USW00012918,77061,0
96,2010-02-10,GHCND:USW00012960,77032,3
97,2010-02-10,GHCND:USW00003017,80249,0
98,2010-02-12,GHCND:USW00094789,11430,0
99,2010-02-12,GHCND:USW00012873,33762,188
100,2010-02-12,GHCND:USW00014734,07114,0
101,2010-02-13,GHCND:USW00093225,95837,3
102,2010-02-13,GHCND:US1CASC0037,95110,0
103,2010-02-14,GHCND:USW00094789,11430,0
104,2010-02-15,GHCND:USW00012815,32827,0
105,2010-02-15,GHCND:USC00083163,33315,0
106,2010-02-16,GHCND:USW00013881,28208,0
107,2010-02-16,GHCND:USC00041194,91505,0
108,2010-02-17,GHCND:USW00012815,32827,0
109,2010-02-17,GHCND:USW00093225,95837,3
110,2010-02-18,GHCND:USW00014737,18109,0
111,2010-02-18,GHCND:USW00093225,95837,3
112,2010-02-20,GHCND:US1KSSA0006,67401,0
113,2010-02-21,GHCND:USW00093721,21240,0
114,2010-02-21,GHCND:USW00012894,33913,5
115,2010-02-22,GHCND:USW00093225,95837,0
116,2010-02-23,GHCND:USW00093721,21240,0
117,2010-02-24,GHCND:US1TNDV0033,37214,0
118,2010-02-25,GHCND:USW00023234,94128,0
119,2010-02-26,GHCND:USC00511065,96720,0
120,2010-02-28,GHCND:USW00012815,32827,0
121,2010-03-01,GHCND:USC00454769,98626,0
122,2010-03-02,GHCND:USW00013781,19720,13
123,2010-03-02,GHCND:USW00012815,32827,124
124,2010-03-02,GHCND:USC00511065,96720,0
125,2010-03-03,GHCND:USC00511065,96720,0
126,2010-03-03,GHCND:US1KSTH0017,67701,0
127,2010-03-04,GHCND:USW00014737,18109,0
128,2010-03-04,GHCND:USW00012815,32827,0
129,2010-03-04,GHCND:USW00013960,75235,0
130,2010-03-05,GHCND:USC00088942,32780,0
131,2010-03-05,GHCND:USW00013881,28208,0
132,2010-03-06,GHCND:USC00041194,91505,229
133,2010-03-06,GHCND:US1INSJ0027,46628,0
134,2010-03-06,GHCND:USW00003017,80249,0
135,2010-03-07,GHCND:USW00012921,78216,56
136,2010-03-07,GHCND:US1SCCR0049,29404,0
137,2010-03-07,GHCND:USW00003017,80249,0
138,2010-03-08,GHCND:USW00013960,75235,71
139,2010-03-08,GHCND:US1TXBXR112,78216,89
140,2010-03-08,GHCND:USW00012815,32827,0
141,2010-03-08,GHCND:USW00013960,75235,71
142,2010-03-09,GHCND:USW00013722,27560,0
143,2010-03-09,GHCND:USC00183353,21701,0
144,2010-03-09,GHCND:USW00014734,07114,0
145,2010-03-09,GHCND:USW00093721,21240,0
146,2010-03-10,GHCND:USC00454769,98626,18
147,2010-03-10,GHCND:USW00093821,40213,0
148,2010-03-10,GHCND:US1INMR0013,46241,10
149,2010-03-10,GHCND:USC00446147,23502,0
150,2010-03-11,GHCND:USW00013960,75235,0
151,2010-03-11,GHCND:USW00093821,40213,0
152,2010-03-11,GHCND:USW00094847,48242,36
153,2010-03-12,GHCND:USW00023174,90045,0
154,2010-03-12,GHCND:USW00012815,32827,305
155,2010-03-12,GHCND:USC00412011,78406,0
156,2010-03-12,GHCND:US1PADP0014,17057,56
157,2010-03-13,GHCND:US1FLDV0037,32218,10
158,2010-03-14,GHCND:USW00014764,04102,577
159,2010-03-14,GHCND:USW00023129,90807,0
160,2010-03-15,GHCND:USW00023234,94128,0
161,2010-03-15,GHCND:USW00093225,95837,0
162,2010-03-15,GHCND:USW00003947,64153,0
163,2010-03-15,GHCND:USW00023169,89119,0
164,2010-03-16,GHCND:US1TXMDL013,79706,173
165,2010-03-17,GHCND:USW00023169,89119,0
166,2010-03-18,GHCND:USW00093821,40213,0
167,2010-03-18,GHCND:USW00093721,21240,0
168,2010-03-18,GHCND:USC00346659,73159,0
169,2010-03-18,GHCND:USW00023234,94128,0
170,2010-03-19,GHCND:USW00013874,30337,0
171,2010-03-19,GHCND:USW00013876,35212,0
172,2010-03-19,GHCND:USW00093225,95837,0
173,2010-03-19,GHCND:USW00013874,30337,0
174,2010-03-19,GHCND:USW00093821,40213,0
175,2010-03-19,GHCND:USW00014733,14225,0
176,2010-03-20,GHCND:USW00003017,80249,0
177,2010-03-20,GHCND:USW00014710,03103,0
178,2010-03-21,GHCND:USW00024127,84116,0
179,2010-03-21,GHCND:USW00023136,93010,0
180,2010-03-21,GHCND:USW00014757,12590,0
181,2010-03-22,GHCND:US1TNDV0033,37214,231
182,2010-03-22,GHCND:USW00094846,60018,0
183,2010-03-23,GHCND:USW00012841,32803,0
184,2010-03-23,GHCND:USW00014821,43219,0
185,2010-03-23,GHCND:USW00023174,90045,0
186,2010-03-24,GHCND:USW00094847,48242,0
187,2010-03-24,GHCND:USW00012842,33607,0
188,2010-03-25,GHCND:USW00014739,02128,0
189,2010-03-25,GHCND:USC00083163,33315,0
190,2010-03-25,GHCND:US1TXBXR112,78216,119
191,2010-03-26,GHCND:USC00363343,15108,124
192,2010-03-26,GHCND:USW00094846,60018,0
193,2010-03-26,GHCND:USW00014821,43219,13
194,2010-03-27,GHCND:USW00093225,95837,0
195,2010-03-27,GHCND:USC00502107,99709,0
196,2010-03-28,GHCND:USW00012815,32827,300
197,2010-03-28,GHCND:USW00003947,64153,0
198,2010-03-28,GHCND:USW00012815,32827,300
199,2010-03-28,GHCND:USW00023183,85034,0
200,2010-03-29,GHCND:USW00014733,14225,8
201,2010-03-30,GHCND:USW00023129,90807,0
202,2010-03-30,GHCND:US1ILWN0010,61109,0
203,2010-03-30,GHCND:US1GACT0028,31408,0
204,2010-03-31,GHCND:USW00013740,23250,0
205,2010-03-31,GHCND:USW00023234,94128,94
206,2010-03-31,GHCND:US1NYCM0008,14845,38
207,2010-03-31,GHCND:USW00026615,99559,8
208,2010-03-31,GHCND:USW00024233,98158,0
209,2010-04-01,GHCND:USW00093821,40213,0
210,2010-04-02,GHCND:USW00023183,85034,0
211,2010-04-02,GHCND:USW00093225,95837,18
212,2010-04-03,GHCND:USW00014740,06096,0
213,2010-04-03,GHCND:USW00023183,85034,0
214,2010-04-03,GHCND:USW00024233,98158,43
215,2010-04-03,GHCND:USW00023234,94128,0
216,2010-04-03,GHCND:USC00047298,96002,0
217,2010-04-04,GHCND:USW00012921,78216,3
218,2010-04-04,GHCND:USW00014768,14624,0
219,2010-04-04,GHCND:USW00024229,97218,20
220,2010-04-04,GHCND:USW00023130,91406,5
221,2010-04-04,GHCND:USW00023174,90045,3
222,2010-04-04,GHCND:USW00023130,91406,5
223,2010-04-05,GHCND:US1ARPS0012,72206,0
224,2010-04-05,GHCND:US1TXTN0023,76051,0
225,2010-04-06,GHCND:US1KYBN0004,41042,117
226,2010-04-06,GHCND:USW00012918,77061,0
227,2010-04-07,GHCND:USC00446147,23502,0
228,2010-04-09,GHCND:USC00503605,99835,10
229,2010-04-09,GHCND:USC00158555,42086,0
230,2010-04-09,GHCND:USC00063207,06340,201
231,2010-04-09,GHCND:USW00023174,90045,0
232,2010-04-09,GHCND:USW00003102,91761,0
233,2010-04-10,GHCND:US1TXTN0023,76051,0
234,2010-04-10,GHCND:US1INMR0013,46241,0
235,2010-04-10,GHCND:USW00094846,60018,0
236,2010-04-10,GHCND:USW00094846,60018,0
237,2010-04-10,GHCND:USC00111577,60638,0
238,2010-04-10,GHCND:US1PADP0014,17057,0
239,2010-04-10,GHCND:USW00004781,11779,0
240,2010-04-11,GHCND:USC00111577,60638,0
241,2010-04-11,GHCND:USW00013904,78719,0
242,2010-04-11,GHCND:USW00093821,40213,0
243,2010-04-11,GHCND:USC00083163,33315,0
244,2010-04-11,GHCND:USC00363343,15108,0
245,2010-04-11,GHCND:USC00346659,73159,0
246,2010-04-12,GHCND:USW00014792,08628,0
247,2010-04-12,GHCND:USW00023234,94128,137
248,2010-04-12,GHCND:USW00023129,90807,127
249,2010-04-12,GHCND:USW00013722,27560,0
250,2010-04-12,GHCND:US1KYBN0004,41042,0
251,2010-04-13,GHCND:USW00014821,43219,0
252,2010-04-13,GHCND:US1SCSP0004,29651,0
253,2010-04-13,GHCND:USC00168923,71282,0
254,2010-04-13,GHCND:USW00003017,80249,0
255,2010-04-14,GHCND:USW00024127,84116,0
256,2010-04-14,GHCND:USW00094830,43558,0
257,2010-04-14,GHCND:USW00013874,30337,0
258,2010-04-16,GHCND:USC00122731,47725,0
259,2010-04-16,GHCND:USW00003017,80249,0
260,2010-04-16,GHCND:USW00013893,38116,0
261,2010-04-16,GHCND:USW00012842,33607,0
262,2010-04-16,GHCND:USW00023047,79111,312
263,2010-04-16,GHCND:USW00004853,44114,41
264,2010-04-16,GHCND:USW00094741,07608,76
265,2010-04-16,GHCND:USW00093225,95837,0
266,2010-04-17,GHCND:US1KYBN0004,41042,66
267,2010-04-18,GHCND:USW00093909,66031,0
268,2010-04-18,GHCND:USW00024127,84116,0
269,2010-04-18,GHCND:USC00518543,96732,0
270,2010-04-19,GHCND:USW00012815,32827,315
271,2010-04-19,GHCND:USW00024233,98158,0
272,2010-04-19,GHCND:USW00023183,85034,0
273,2010-04-19,GHCND:US1TXTN0023,76051,25
274,2010-04-19,GHCND:USW00012854,32773,33
275,2010-04-19,GHCND:USW00014734,07114,0
276,2010-04-19,GHCND:US1COAR0199,80137,0
277,2010-04-20,GHCND:USW00003888,30336,81
278,2010-04-20,GHCND:USC00323621,58203,0
279,2010-04-20,GHCND:US1TXTN0023,76051,0
280,2010-04-20,GHCND:US1TXTN0023,76051,0
281,2010-04-21,GHCND:USW00013876,35212,0
282,2010-04-21,GHCND:USW00013904,78719,0
283,2010-04-21,GHCND:USC00516395,96818,8
284,2010-04-21,GHCND:US1TXTN0023,76051,0
285,2010-04-21,GHCND:USW00024110,98837,0
286,2010-04-21,GHCND:US1NCBF0002,27889,86
287,2010-04-21,GHCND:USW00013960,75235,0
288,2010-04-21,GHCND:USC00083163,33315,81
289,2010-04-22,GHCND:USC00111160,62206,0
290,2010-04-22,GHCND:USW00023183,85034,10
291,2010-04-22,GHCND:USW00012918,77061,0
292,2010-04-22,GHCND:USW00012918,77061,0
293,2010-04-23,GHCND:USW00012842,33607,0
294,2010-04-23,GHCND:USW00012815,32827,0
295,2010-04-23,GHCND:USW00023174,90045,0
296,2010-04-23,GHCND:USC00214418,54603,0
297,2010-04-23,GHCND:USW00003947,64153,79
298,2010-04-23,GHCND:USW00012918,77061,13
299,2010-04-23,GHCND:USW00023174,90045,0
300,2010-04-24,GHCND:US1SCOC0020,29678,28
301,2010-04-24,GHCND:US1UTWB0009,84405,28
302,2010-04-24,GHCND:USW00093721,21240,5
303,2010-04-25,GHCND:US1PADP0014,17057,109
304,2010-04-25,GHCND:US1TNDV0033,37214,693
305,2010-04-25,GHCND:USW00024229,97218,0
306,2010-04-25,GHCND:USW00023129,90807,0
307,2010-04-26,GHCND:USW00023169,89119,0
308,2010-04-26,GHCND:USW00023230,94621,0
309,2010-04-26,GHCND:USW00013960,75235,0
310,2010-04-26,GHCND:USC00446147,23502,56
311,2010-04-26,GHCND:USW00012921,78216,0
312,2010-04-26,GHCND:US1CASC0037,95110,0
313,2010-04-26,GHCND:US10lanc033,68524,0
314,2010-04-27,GHCND:USC00041194,91505,3
315,2010-04-27,GHCND:USW00014922,55450,0
316,2010-04-27,GHCND:USW00014739,02128,15
317,2010-04-28,GHCND:USW00024127,84116,36
318,2010-04-28,GHCND:USC00346659,73159,0
319,2010-04-28,GHCND:USW00023129,90807,13
320,2010-04-28,GHCND:USW00023129,90807,13
321,2010-04-28,GHCND:USW00014839,53207,0
322,2010-04-28,GHCND:US1MAES0002,01915,30
323,2010-04-28,GHCND:USW00012918,77061,0
324,2010-04-28,GHCND:USC00478937,53188,0
325,2010-04-28,GHCND:US1NJAT0013,08234,0
326,2010-04-29,GHCND:USW00013893,38116,0
327,2010-04-29,GHCND:USW00014821,43219,0
328,2010-04-29,GHCND:US1NVWH0078,89502,5
329,2010-04-29,GHCND:USC00122731,47725,0
330,2010-04-29,GHCND:US1TXTN0023,76051,0
331,2010-04-29,GHCND:US1KYBN0004,41042,0
332,2010-04-29,GHCND:USW00024127,84116,94
333,2010-04-30,GHCND:US1TNDV0033,37214,0
334,2010-04-30,GHCND:USC00111577,60638,236
335,2010-04-30,GHCND:USW00014942,68110,13
336,2010-04-30,GHCND:US1ARPS0012,72206,0
337,2010-04-30,GHCND:USW00013904,78719,0
338,2010-04-30,GHCND:USW00014942,68110,13
339,2010-04-30,GHCND:USW00053922,72712,122
340,2010-05-01,GHCND:USW00013874,30337,0
341,2010-05-01,GHCND:USW00014735,12110,0
342,2010-05-01,GHCND:USW00093225,95837,0
343,2010-05-01,GHCND:USW00003947,64153,0
344,2010-05-02,GHCND:USW00013881,28208,0
345,2010-05-02,GHCND:USW00023129,90807,0
346,2010-05-03,GHCND:US1NDCS0004,58102,13
347,2010-05-03,GHCND:USW00094745,10604,274
348,2010-05-03,GHCND:US1PADP0014,17057,826
349,2010-05-03,GHCND:USW00014734,07114,373
350,2010-05-03,GHCND:USW00023188,92101,0
351,2010-05-03,GHCND:USC00041194,91505,0
352,2010-05-03,GHCND:USW00014821,43219,13
353,2010-05-03,GHCND:US1NVEL0009,89801,0
354,2010-05-04,GHCND:USW00023169,89119,0
355,2010-05-05,GHCND:USC00346659,73159,0
356,2010-05-05,GHCND:USW00003017,80249,0
357,2010-05-05,GHCND:USW00094846,60018,0
358,2010-05-05,GHCND:USW00012815,32827,0
359,2010-05-05,GHCND:US1INMR0013,46241,0
360,2010-05-05,GHCND:USW00023160,85756,0
361,2010-05-05,GHCND:USW00014734,07114,0
362,2010-05-06,GHCND:USW00003947,64153,0
363,2010-05-06,GHCND:USW00014922,55450,10
364,2010-05-06,GHCND:USW00013866,25311,0
365,2010-05-06,GHCND:USW00012921,78216,0
366,2010-05-06,GHCND:USW00093225,95837,0
367,2010-05-06,GHCND:USW00013893,38116,0
368,2010-05-06,GHCND:US1WIBN0006,54313,0
369,2010-05-07,GHCND:USC00041194,91505,0
370,2010-05-07,GHCND:USW00014821,43219,33
371,2010-05-07,GHCND:USC00083163,33315,23
372,2010-05-07,GHCND:USW00023183,85034,0
373,2010-05-07,GHCND:US1ILWN0010,61109,122
374,2010-05-07,GHCND:USW00012921,78216,0
375,2010-05-08,GHCND:USW00093225,95837,0
376,2010-05-08,GHCND:USW00013722,27560,0
377,2010-05-08,GHCND:USW00003159,93536,0
378,2010-05-08,GHCND:USW00014939,68524,0
379,2010-05-08,GHCND:USW00093721,21240,0
380,2010-05-08,GHCND:USW00013960,75235,0
381,2010-05-09,GHCND:USC00111577,60638,0
382,2010-05-09,GHCND:USW00014733,14225,3
383,2010-05-09,GHCND:USW00093721,21240,0
384,2010-05-09,GHCND:USW00093225,95837,10
385,2010-05-09,GHCND:USW00014732,11371,0
386,2010-05-10,GHCND:USW00012894,33913,0
387,2010-05-10,GHCND:USW00012918,77061,0
388,2010-05-10,GHCND:USW00012916,70062,0
389,2010-05-10,GHCND:USC00101024,83705,38
390,2010-05-10,GHCND:USW00023185,89502,15
391,2010-05-10,GHCND:USW00013882,37421,33
392,2010-05-10,GHCND:USW00093721,21240,0
393,2010-05-10,GHCND:USW00093721,21240,0
394,2010-05-10,GHCND:USW00093821,40213,0
395,2010-05-11,GHCND:USW00013960,75235,0
396,2010-05-11,GHCND:USW00013893,38116,0
397,2010-05-11,GHCND:USC00148847,67209,5
398,2010-05-11,GHCND:USW00013743,22202,28
399,2010-05-11,GHCND:USW00013743,22202,28
400,2010-05-11,GHCND:USW00013904,78719,0
401,2010-05-12,GHCND:US1TXTN0023,76051,0
402,2010-05-12,GHCND:US1AKFN0004,99709,0
403,2010-05-12,GHCND:USW00013893,38116,0
404,2010-05-12,GHCND:USW00013893,38116,0
405,2010-05-12,GHCND:USW00003966,63005,259
406,2010-05-12,GHCND:US1TXTN0023,76051,0
407,2010-05-13,GHCND:US1INMR0013,46241,94
408,2010-05-13,GHCND:USW00093721,21240,0
409,2010-05-13,GHCND:USW00024127,84116,0
410,2010-05-13,GHCND:USW00003947,64153,114
411,2010-05-13,GHCND:US1TXLK0004,79403,0
412,2010-05-13,GHCND:USW00003947,64153,114
413,2010-05-13,GHCND:USW00003947,64153,114
414,2010-05-13,GHCND:USW00014942,68110,0
415,2010-05-13,GHCND:USW00023174,90045,0
416,2010-05-14,GHCND:USW00023050,87116,0
417,2010-05-15,GHCND:USW00003947,64153,180
418,2010-05-15,GHCND:USW00003947,64153,180
419,2010-05-15,GHCND:USW00003947,64153,180
420,2010-05-15,GHCND:USW00003947,64153,180
421,2010-05-15,GHCND:USW00014735,12110,0
422,2010-05-15,GHCND:USW00024229,97218,0
423,2010-05-15,GHCND:USW00014942,68110,0
424,2010-05-15,GHCND:USC00101024,83705,0
425,2010-05-16,GHCND:USW00014710,03103,0
426,2010-05-16,GHCND:USW00014922,55450,0
427,2010-05-16,GHCND:USW00023230,94621,0
428,2010-05-16,GHCND:US1AKFN0004,99709,0
429,2010-05-16,GHCND:USW00014922,55107,0
430,2010-05-16,GHCND:USW00014740,06096,0
431,2010-05-16,GHCND:US1TNDV0033,37214,94
432,2010-05-17,GHCND:USW00014734,07114,0
433,2010-05-17,GHCND:USW00023188,92101,0
434,2010-05-17,GHCND:USW00014739,02128,0
435,2010-05-17,GHCND:USW00012815,32827,259
436,2010-05-18,GHCND:USW00014922,55450,0
437,2010-05-18,GHCND:US1WIJF0002,53094,0
438,2010-05-18,GHCND:USW00003947,64153,0
439,2010-05-18,GHCND:USC00504812,99615,0
440,2010-05-18,GHCND:USW00003947,64153,0
441,2010-05-18,GHCND:US1LALY0002,70508,0
442,2010-05-18,GHCND:USW00093721,21240,94
443,2010-05-19,GHCND:USW00014758,06512,20
444,2010-05-19,GHCND:USW00013893,38116,0
445,2010-05-19,GHCND:USW00094846,60018,0
446,2010-05-19,GHCND:USW00093721,21240,0
447,2010-05-19,GHCND:US1TXTN0023,76051,0
448,2010-05-20,GHCND:USW00024127,84116,0
449,2010-05-20,GHCND:USW00014922,55450,0
450,2010-05-20,GHCND:USW00013866,25311,0
451,2010-05-20,GHCND:USW00014739,02128,0
452,2010-05-20,GHCND:USW00014734,07114,0
453,2010-05-20,GHCND:USW00014732,11371,0
454,2010-05-20,GHCND:USW00024127,84116,0
455,2010-05-21,GHCND:USW00093721,21240,0
456,2010-05-21,GHCND:USW00014922,55450,5
457,2010-05-22,GHCND:US1WATH0001,98501,61
458,2010-05-22,GHCND:US1GACT0028,31408,10
459,2010-05-22,GHCND:USW00012815,32827,0
460,2010-05-23,GHCND:USW00093110,93030,0
461,2010-05-23,GHCND:USW00003901,75603,0
462,2010-05-23,GHCND:VQC00677600,00802,0
463,2010-05-23,GHCND:US1TNDV0033,37214,0
464,2010-05-23,GHCND:US1FLDV0037,32218,0
465,2010-05-24,GHCND:USC00111160,62206,0
466,2010-05-24,GHCND:USW00014734,07114,0
467,2010-05-24,GHCND:US1TXTN0023,76051,0
468,2010-05-24,GHCND:US1UTIR0003,84721,0
469,2010-05-24,GHCND:USW00094726,02745,0
470,2010-05-24,GHCND:USW00093721,21240,10
471,2010-05-24,GHCND:USC00083163,33315,0
472,2010-05-25,GHCND:USW00093721,21240,0
473,2010-05-25,GHCND:USW00014734,07114,0
474,2010-05-25,GHCND:USW00013904,78719,0
475,2010-05-25,GHCND:USW00003031,79765,0
476,2010-05-25,GHCND:USW00094789,11430,0
477,2010-05-25,GHCND:USC00511038,96766,102
478,2010-05-26,GHCND:US1TXEP0025,79925,0
479,2010-05-26,GHCND:USW00014837,53704,8
480,2010-05-26,GHCND:USW00093225,95837,3
481,2010-05-27,GHCND:USW00014820,44135,0
482,2010-05-27,GHCND:US1INMN0002,47403,0
483,2010-05-27,GHCND:USW00013881,28208,0
484,2010-05-27,GHCND:USW00013893,38116,0
485,2010-05-28,GHCND:USW00093225,95837,0
486,2010-05-28,GHCND:USC00245608,59714,0
487,2010-05-28,GHCND:USW00012842,33607,30
488,2010-05-28,GHCND:USC00122731,47725,58
489,2010-05-28,GHCND:USW00013866,25311,0
490,2010-05-30,GHCND:US1FLDV0037,32218,0
491,2010-05-31,GHCND:USW00014922,55450,0
492,2010-06-01,GHCND:USC00511065,96720,0
493,2010-06-01,GHCND:USW00013881,28208,429
494,2010-06-01,GHCND:USW00012842,33607,0
495,2010-06-01,GHCND:USW00023234,94128,0
496,2010-06-01,GHCND:USC00504812,99615,0
497,2010-06-01,GHCND:USW00014839,53207,0
498,2010-06-01,GHCND:USW00094815,49002,0
499,2010-06-01,GHCND:USW00014734,07114,46
500,2010-06-01,GHCND:USW00012921,78216,0
501,2010-06-02,GHCND:USW00013881,28208,221
502,2010-06-02,GHCND:US1KYBN0004,41042,10
503,2010-06-02,GHCND:USW00023188,92101,0
504,2010-06-02,GHCND:USW00093721,21240,0
505,2010-06-03,GHCND:USW00012841,32803,28
506,2010-06-03,GHCND:USC00026796,86301,0
507,2010-06-03,GHCND:USW00003017,80249,0
508,2010-06-03,GHCND:USC00511065,96720,0
509,2010-06-03,GHCND:US1TXTN0023,76051,0
510,2010-06-04,GHCND:USW00014942,68110,0
511,2010-06-04,GHCND:US1MSRN0014,39208,5
512,2010-06-04,GHCND:USW00012960,77032,0
513,2010-06-04,GHCND:USW00004726,15904,48
514,2010-06-05,GHCND:USW00094846,60018,38
515,2010-06-06,GHCND:US1CASC0037,95110,0
516,2010-06-07,GHCND:USW00013876,35212,0
517,2010-06-07,GHCND:USW00023183,85034,0
518,2010-06-07,GHCND:USW00093821,40213,0
519,2010-06-07,GHCND:USW00013874,30337,0
520,2010-06-08,GHCND:USW00093225,95837,0
521,2010-06-08,GHCND:USW00023234,94128,0
522,2010-06-08,GHCND:USW00013970,70807,5
523,2010-06-08,GHCND:USW00012960,77032,74
524,2010-06-08,GHCND:USW00014734,07114,0
525,2010-06-08,GHCND:USW00024234,98108,66
526,2010-06-08,GHCND:USC00346659,73159,0
527,2010-06-08,GHCND:USW00023160,85756,0
528,2010-06-08,GHCND:USW00094846,60018,114
529,2010-06-08,GHCND:US1CASC0037,95110,0
530,2010-06-08,GHCND:USW00014734,07114,0
531,2010-06-09,GHCND:US1CASC0037,95110,0
532,2010-06-09,GHCND:US1MSHR0007,39503,0
533,2010-06-09,GHCND:USW00012960,77032,0
534,2010-06-09,GHCND:US1NJMS0003,07960,0
535,2010-06-10,GHCND:USW00012918,77061,0
536,2010-06-10,GHCND:US1WAWM0004,99163,51
537,2010-06-10,GHCND:USW00093225,95837,0
538,2010-06-10,GHCND:USC00183353,21701,150
539,2010-06-11,GHCND:USC00041194,91505,0
540,2010-06-11,GHCND:USW00014820,44135,0
541,2010-06-11,GHCND:USW00093225,95837,0
542,2010-06-11,GHCND:US1INMR0013,46241,0
543,2010-06-11,GHCND:US1FLDV0037,32218,0
544,2010-06-11,GHCND:USW00003017,80249,175
545,2010-06-11,GHCND:USW00013904,78719,0
546,2010-06-11,GHCND:US1ARPS0012,72206,343
547,2010-06-12,GHCND:VQC00679450,00802,0
548,2010-06-12,GHCND:USW00003017,80249,165
549,2010-06-13,GHCND:USW00094789,11430,8
550,2010-06-13,GHCND:USW00012921,78216,0
551,2010-06-13,GHCND:US1COLP0038,81137,8
552,2010-06-13,GHCND:USW00003947,64153,94
553,2010-06-13,GHCND:USC00502107,99709,91
554,2010-06-14,GHCND:USC00111577,60638,0
555,2010-06-14,GHCND:USW00013876,35212,267
556,2010-06-14,GHCND:USW00023230,94621,0
557,2010-06-14,GHCND:USW00014933,50321,109
558,2010-06-15,GHCND:USW00012960,77032,0
559,2010-06-15,GHCND:USW00014922,55450,3
560,2010-06-15,GHCND:USW00023188,92101,0
561,2010-06-16,GHCND:US1KSRL0008,66503,0
562,2010-06-16,GHCND:USW00093821,40213,0
563,2010-06-16,GHCND:USW00013893,38116,0
564,2010-06-16,GHCND:US1INMR0013,46241,76
565,2010-06-16,GHCND:USC00451691,99301,0
566,2010-06-17,GHCND:USW00013904,78719,3
567,2010-06-17,GHCND:USW00012918,77061,0
568,2010-06-17,GHCND:USW00014922,55450,3
569,2010-06-17,GHCND:USW00013874,30337,0
570,2010-06-17,GHCND:US1TNDV0033,37214,0
571,2010-06-17,GHCND:USW00013893,38116,0
572,2010-06-17,GHCND:USW00024127,84116,0
573,2010-06-17,GHCND:USW00014821,43219,0
574,2010-06-18,GHCND:USW00023136,93010,0
575,2010-06-18,GHCND:USW00014839,53207,84
576,2010-06-18,GHCND:USW00023230,94621,0
577,2010-06-18,GHCND:US1TXTN0023,76051,0
578,2010-06-18,GHCND:USC00511065,96720,0
579,2010-06-18,GHCND:US1NVWH0078,89502,0
580,2010-06-18,GHCND:USW00003102,91761,0
581,2010-06-18,GHCND:US1NYSL0006,13676,33
582,2010-06-19,GHCND:USC00518543,96732,0
583,2010-06-19,GHCND:US1CASC0037,95110,0
584,2010-06-19,GHCND:USW00003017,80249,0
585,2010-06-20,GHCND:US1NVWH0078,89502,0
586,2010-06-20,GHCND:US1KYBN0004,41042,0
587,2010-06-20,GHCND:USC00111577,60638,0
588,2010-06-20,GHCND:USW00093225,95837,0
589,2010-06-20,GHCND:USW00093225,95837,0
590,2010-06-20,GHCND:USW00013904,78719,0
591,2010-06-21,GHCND:USW00003017,80249,0
592,2010-06-21,GHCND:USW00012815,32827,81
593,2010-06-21,GHCND:US1GACT0028,31408,15
594,2010-06-21,GHCND:US1TNDV0033,37214,0
595,2010-06-21,GHCND:USW00013904,78719,0
596,2010-06-22,GHCND:USW00003856,35824,0
597,2010-06-22,GHCND:USW00012916,70062,292
598,2010-06-22,GHCND:USW00012916,70062,292
599,2010-06-22,GHCND:USW00003947,64153,0
600,2010-06-23,GHCND:USW00014740,06096,89
601,2010-06-23,GHCND:US1ALLE0004,36830,0
602,2010-06-23,GHCND:USW00014839,53207,495
603,2010-06-23,GHCND:US1PADP0014,17057,0
604,2010-06-23,GHCND:USW00014733,14225,0
605,2010-06-23,GHCND:USC00101024,83705,0
606,2010-06-24,GHCND:USW00014839,53207,0
607,2010-06-24,GHCND:USC00511065,96720,0
608,2010-06-24,GHCND:USW00024233,98158,0
609,2010-06-25,GHCND:US1TXTN0023,76051,284
610,2010-06-25,GHCND:USW00014922,55450,185
611,2010-06-25,GHCND:USW00013895,36043,18
612,2010-06-25,GHCND:USW00013874,30337,3
613,2010-06-25,GHCND:US1TXLK0004,79403,0
614,2010-06-25,GHCND:US1AZPM0098,85653,0
615,2010-06-25,GHCND:US1INFY0002,47331,0
616,2010-06-26,GHCND:USW00012960,77032,0
617,2010-06-26,GHCND:US1TXTN0023,76051,0
618,2010-06-26,GHCND:USW00023234,94128,0
619,2010-06-26,GHCND:USC00111577,60638,196
620,2010-06-27,GHCND:USW00023174,90045,0
621,2010-06-27,GHCND:USW00014922,55450,0
622,2010-06-27,GHCND:USW00014922,55450,0
623,2010-06-27,GHCND:US10lanc033,68524,0
624,2010-06-27,GHCND:USW00013960,75235,0
625,2010-06-27,GHCND:USW00024127,84116,0
626,2010-06-27,GHCND:USC00515275,96763,0
627,2010-06-28,GHCND:USW00014837,53704,0
628,2010-06-28,GHCND:USW00003947,64153,0
629,2010-06-28,GHCND:USW00013866,25311,0
630,2010-06-29,GHCND:USW00003820,30906,33
631,2010-06-29,GHCND:USW00004781,11779,0
632,2010-06-29,GHCND:US1NDBH0018,58504,0
633,2010-06-29,GHCND:USW00023136,93010,0
634,2010-06-29,GHCND:US1FLDV0037,32218,8
635,2010-06-29,GHCND:US1ILRI0003,61265,0
636,2010-06-30,GHCND:USW00093225,95837,0
637,2010-06-30,GHCND:USW00012894,33913,150
638,2010-06-30,GHCND:USW00024127,84116,0
639,2010-06-30,GHCND:USW00012842,33607,20
640,2010-06-30,GHCND:US1ILWN0010,61109,0
641,2010-06-30,GHCND:USW00003017,80249,0
642,2010-07-01,GHCND:USW00093225,95837,0
643,2010-07-01,GHCND:USW00093225,95837,0
644,2010-07-01,GHCND:USW00013904,78719,61
645,2010-07-01,GHCND:USC00413691,76051,43
646,2010-07-01,GHCND:USW00003017,80249,0
647,2010-07-01,GHCND:US1NJAT0013,08234,0
648,2010-07-01,GHCND:USW00014733,14225,0
649,2010-07-01,GHCND:US1TXLK0004,79403,0
650,2010-07-01,GHCND:USW00094860,49512,0
651,2010-07-01,GHCND:USW00013893,38116,0
652,2010-07-01,GHCND:USW00014922,55450,0
653,2010-07-02,GHCND:USW00013904,78719,419
654,2010-07-02,GHCND:USW00023174,90045,0
655,2010-07-02,GHCND:USW00093225,95837,0
656,2010-07-02,GHCND:USW00014942,68110,0
657,2010-07-02,GHCND:US1TNDV0033,37214,0
658,2010-07-03,GHCND:USW00012841,32803,13
659,2010-07-03,GHCND:US1CALA0003,90505,0
660,2010-07-03,GHCND:USW00093225,95837,0
661,2010-07-03,GHCND:USW00023293,95110,0
662,2010-07-03,GHCND:USW00013874,30337,0
663,2010-07-03,GHCND:USW00003017,80249,3
664,2010-07-03,GHCND:USW00012842,33607,66
665,2010-07-03,GHCND:US1MIWY0013,48111,0
666,2010-07-04,GHCND:USW00014820,44135,0
667,2010-07-04,GHCND:USW00014942,68110,696
668,2010-07-04,GHCND:USC00111577,60638,3
669,2010-07-04,GHCND:USW00013904,78719,0
670,2010-07-05,GHCND:USW00014939,68524,58
671,2010-07-05,GHCND:US1TXTN0023,76051,0
672,2010-07-05,GHCND:USW00014933,50321,132
673,2010-07-05,GHCND:US1INMR0013,46241,0
674,2010-07-05,GHCND:USW00014839,53207,0
675,2010-07-05,GHCND:USW00014942,68110,3
676,2010-07-06,GHCND:USW00012854,32773,0
677,2010-07-06,GHCND:US1KYBN0004,41042,0
678,2010-07-06,GHCND:US1SDPN0001,57703,41
679,2010-07-06,GHCND:USW00093225,95837,0
680,2010-07-06,GHCND:USW00093225,95837,0
681,2010-07-06,GHCND:USW00023230,94621,0
682,2010-07-06,GHCND:USW00094846,60018,94
683,2010-07-07,GHCND:USW00014820,44135,0
684,2010-07-07,GHCND:US1MAES0002,01915,0
685,2010-07-07,GHCND:USC00446147,23502,0
686,2010-07-07,GHCND:USW00024127,84116,0
687,2010-07-07,GHCND:USW00094860,49512,0
688,2010-07-07,GHCND:USW00003017,80249,23
689,2010-07-07,GHCND:USC00217011,55902,0
690,2010-07-08,GHCND:US1VANNC003,23602,3
691,2010-07-08,GHCND:USW00012873,33762,0
692,2010-07-08,GHCND:USW00093225,95837,0
693,2010-07-08,GHCND:USW00093225,95837,0
694,2010-07-08,GHCND:US1MIIH0020,48906,0
695,2010-07-08,GHCND:USW00014922,55450,0
696,2010-07-08,GHCND:USW00012921,78216,53
697,2010-07-08,GHCND:USW00093821,40213,30
698,2010-07-09,GHCND:US1MISG0005,48623,38
699,2010-07-09,GHCND:USW00014922,55450,0
700,2010-07-09,GHCND:USC00504812,99615,18
701,2010-07-09,GHCND:USW00023234,94128,0
702,2010-07-09,GHCND:USW00003017,80249,0
703,2010-07-09,GHCND:USW00014933,50321,0
704,2010-07-09,GHCND:USC00363343,15108,0
705,2010-07-09,GHCND:USW00013904,78719,66
706,2010-07-09,GHCND:USW00093821,40213,127
707,2010-07-09,GHCND:USC00413691,76051,66
708,2010-07-10,GHCND:USC00111577,60638,13
709,2010-07-10,GHCND:USW00094846,60018,0
710,2010-07-10,GHCND:USW00093225,95837,0
711,2010-07-10,GHCND:USC00415891,79706,8
712,2010-07-10,GHCND:USC00363343,15108,0
713,2010-07-10,GHCND:USW00093821,40213,3
714,2010-07-10,GHCND:USC00363343,15108,0
715,2010-07-10,GHCND:USW00014737,18109,1440
716,2010-07-10,GHCND:USW00094746,01602,292
717,2010-07-11,GHCND:USW00014837,53704,3
718,2010-07-11,GHCND:US1MIIH0020,48906,0
719,2010-07-11,GHCND:USW00093225,95837,0
720,2010-07-11,GHCND:USW00013881,28208,0
721,2010-07-11,GHCND:USW00012854,32773,25
722,2010-07-11,GHCND:USW00014739,02128,3
723,2010-07-11,GHCND:USW00012916,70062,25
724,2010-07-11,GHCND:USW00014733,14225,0
725,2010-07-12,GHCND:USW00023174,90045,0
726,2010-07-12,GHCND:USW00093225,95837,0
727,2010-07-12,GHCND:US1MSLW0003,39701,0
728,2010-07-12,GHCND:USC00243554,59230,51
729,2010-07-12,GHCND:USW00012854,32773,0
730,2010-07-12,GHCND:USW00012960,77032,0
731,2010-07-12,GHCND:USW00093225,95837,0
732,2010-07-13,GHCND:USW00013741,24012,66
733,2010-07-13,GHCND:USW00012921,78216,0
734,2010-07-13,GHCND:USW00014942,68110,0
735,2010-07-13,GHCND:US1GACT0028,31408,58
736,2010-07-13,GHCND:US1SCCR0049,29404,41
737,2010-07-13,GHCND:USC00363343,15108,3
738,2010-07-13,GHCND:USW00093821,40213,351
739,2010-07-13,GHCND:USW00014820,44135,0
740,2010-07-13,GHCND:US1MIWY0013,48111,0
741,2010-07-13,GHCND:USW00003017,80249,0
742,2010-07-14,GHCND:US1WYTT0015,83001,0
743,2010-07-14,GHCND:USW00014740,06096,211
744,2010-07-14,GHCND:USW00094817,48327,0
745,2010-07-14,GHCND:US1TNDV0033,37214,48
746,2010-07-14,GHCND:US1SDBK0007,57006,0
747,2010-07-14,GHCND:USC00511038,96766,0
748,2010-07-14,GHCND:US1CASC0037,95110,0
749,2010-07-14,GHCND:US1ILRI0003,61265,0
750,2010-07-15,GHCND:USW00014839,53207,462
751,2010-07-15,GHCND:US1MTCC0001,59404,0
752,2010-07-15,GHCND:US1ILLK0003,60087,25
753,2010-07-15,GHCND:US10linc003,69101,5
754,2010-07-15,GHCND:USC00111577,60638,0
755,2010-07-15,GHCND:USW00014820,44135,0
756,2010-07-15,GHCND:USW00003017,80249,0
757,2010-07-16,GHCND:USC00111577,60638,0
758,2010-07-16,GHCND:USW00093721,21240,0
759,2010-07-16,GHCND:USW00093721,21240,0
760,2010-07-16,GHCND:US1TXTN0023,76051,0
761,2010-07-16,GHCND:USW00012918,77061,0
762,2010-07-16,GHCND:USW00013881,28208,20
763,2010-07-16,GHCND:USW00012815,32827,41
764,2010-07-16,GHCND:USW00004781,11779,0
765,2010-07-16,GHCND:USW00014922,55450,0
766,2010-07-16,GHCND:US1NYTM0022,14850,0
767,2010-07-17,GHCND:USW00014733,14225,0
768,2010-07-17,GHCND:USW00012918,77061,0
769,2010-07-17,GHCND:US1KSEL0001,67601,0
770,2010-07-17,GHCND:USW00012960,77032,566
771,2010-07-18,GHCND:USC00311677,27516,43
772,2010-07-18,GHCND:US1SDPN0001,57703,30
773,2010-07-18,GHCND:USW00093821,40213,3
774,2010-07-18,GHCND:USC00363343,15108,0
775,2010-07-18,GHCND:USC00316422,28574,0
776,2010-07-18,GHCND:US1NCHN0002,28732,0
777,2010-07-18,GHCND:USW00014820,44135,0
778,2010-07-19,GHCND:USC00254335,68847,0
779,2010-07-19,GHCND:USW00012842,33607,0
780,2010-07-19,GHCND:USW00014933,50321,140
781,2010-07-19,GHCND:USW00094846,60018,3
782,2010-07-19,GHCND:US1COPU0015,81001,13
783,2010-07-19,GHCND:USW00093721,21240,0
784,2010-07-19,GHCND:USW00012815,32827,0
785,2010-07-19,GHCND:USW00012960,77032,5
786,2010-07-19,GHCND:USC00363343,15108,0
787,2010-07-19,GHCND:USW00014922,55450,0
788,2010-07-19,GHCND:USW00053863,30341,0
789,2010-07-19,GHCND:USW00014765,02886,201
790,2010-07-19,GHCND:USC00511065,96720,0
791,2010-07-19,GHCND:USW00012960,77032,5
792,2010-07-20,GHCND:USW00014733,14225,0
793,2010-07-20,GHCND:US1OHHC0002,45840,20
794,2010-07-20,GHCND:USW00024233,98158,0
795,2010-07-20,GHCND:US1WYNT0003,82604,0
796,2010-07-20,GHCND:US1PABR0017,19605,3
797,2010-07-20,GHCND:USW00014733,14225,0
798,2010-07-20,GHCND:USW00003888,30336,15
799,2010-07-20,GHCND:USW00004853,44114,0
800,2010-07-20,GHCND:USW00012921,78216,0
801,2010-07-20,GHCND:USW00012842,33607,0
802,2010-07-20,GHCND:USW00094789,11430,0
803,2010-07-20,GHCND:US1NCHN0002,28732,15
804,2010-07-20,GHCND:USW00003017,80249,3
805,2010-07-21,GHCND:USW00003017,80249,0
806,2010-07-21,GHCND:USW00003017,80249,0
807,2010-07-21,GHCND:USW00093225,95837,0
808,2010-07-21,GHCND:USW00014820,44135,0
809,2010-07-21,GHCND:USW00093225,95837,0
810,2010-07-21,GHCND:USW00014820,44135,0
811,2010-07-21,GHCND:USC00363343,15108,36
812,2010-07-21,GHCND:USC00083163,33315,10
813,2010-07-21,GHCND:USW00014733,14225,56
814,2010-07-21,GHCND:USW00013722,27560,0
815,2010-07-22,GHCND:USW00093225,95837,0
816,2010-07-22,GHCND:US1TXCMR012,78550,142
817,2010-07-22,GHCND:US1WAWM0004,99163,0
818,2010-07-22,GHCND:USW00013881,28208,0
819,2010-07-22,GHCND:USW00093225,95837,0
820,2010-07-22,GHCND:USW00014820,44135,66
821,2010-07-22,GHCND:USW00094745,10604,168
822,2010-07-22,GHCND:USW00014734,07114,0
823,2010-07-22,GHCND:USC00111577,60638,130
824,2010-07-22,GHCND:USC00413691,76051,0
825,2010-07-23,GHCND:USW00014733,14225,417
826,2010-07-23,GHCND:USW00014933,50321,147
827,2010-07-23,GHCND:USW00093721,21240,0
828,2010-07-23,GHCND:USW00014922,55450,0
829,2010-07-23,GHCND:US1MAES0002,01915,0
830,2010-07-23,GHCND:USW00003166,92833,0
831,2010-07-23,GHCND:USW00013722,27560,0
832,2010-07-23,GHCND:USC00462920,26554,0
833,2010-07-23,GHCND:USW00012960,77032,0
834,2010-07-23,GHCND:USW00014820,44135,236
835,2010-07-24,GHCND:USW00014839,53207,201
836,2010-07-24,GHCND:USC00041194,91505,0
837,2010-07-24,GHCND:USW00012873,33762,46
838,2010-07-24,GHCND:USW00013893,38116,0
839,2010-07-24,GHCND:USW00094830,43558,58
840,2010-07-24,GHCND:USC00101024,83705,0
841,2010-07-24,GHCND:US1TXTN0023,76051,5
842,2010-07-24,GHCND:USW00024127,84116,0
843,2010-07-25,GHCND:USW00023050,87116,249
844,2010-07-25,GHCND:USW00093225,95837,0
845,2010-07-25,GHCND:USW00014740,06096,0
846,2010-07-25,GHCND:USW00012884,70041,15
847,2010-07-25,GHCND:USW00093721,21240,104
848,2010-07-25,GHCND:USW00013722,27560,0
849,2010-07-26,GHCND:USW00093721,21240,0
850,2010-07-26,GHCND:USC00363343,15108,13
851,2010-07-26,GHCND:USW00023234,94128,0
852,2010-07-26,GHCND:USW00023169,89119,0
853,2010-07-26,GHCND:USW00012815,32827,0
854,2010-07-26,GHCND:USW00012918,77061,46
855,2010-07-26,GHCND:US1VANNC003,23602,0
856,2010-07-26,GHCND:USW00014710,03103,0
857,2010-07-26,GHCND:USW00014710,03103,0
858,2010-07-26,GHCND:USW00023050,87116,58
859,2010-07-26,GHCND:USW00093721,21240,0
860,2010-07-26,GHCND:USW00014758,06512,0
861,2010-07-26,GHCND:US1COLR0061,80538,0
862,2010-07-27,GHCND:USW00094846,60018,0
863,2010-07-27,GHCND:US1FLES0010,32504,0
864,2010-07-27,GHCND:US1SCCR0049,29404,170
865,2010-07-27,GHCND:US1VANNC003,23602,0
866,2010-07-27,GHCND:USW00014765,02886,0
867,2010-07-27,GHCND:USC00082150,32114,0
868,2010-07-27,GHCND:USW00003102,91761,0
869,2010-07-27,GHCND:USW00024149,83501,10
870,2010-07-27,GHCND:US1INBW0010,47203,0
871,2010-07-27,GHCND:US1TNDV0033,37214,43
872,2010-07-27,GHCND:USW00014820,44135,0
873,2010-07-27,GHCND:USC00346659,73159,8
874,2010-07-27,GHCND:US1TNDV0033,37214,43
875,2010-07-28,GHCND:US1KSFI0002,67846,0
876,2010-07-28,GHCND:USW00013876,35212,0
877,2010-07-28,GHCND:USW00093815,45377,3
878,2010-07-28,GHCND:US1SCCR0049,29404,15
879,2010-07-28,GHCND:USW00093225,95837,0
880,2010-07-28,GHCND:USW00093225,95837,0
881,2010-07-28,GHCND:USW00013743,22202,0
882,2010-07-28,GHCND:USW00014765,02886,0
883,2010-07-28,GHCND:US1MOGR0051,65803,0
884,2010-07-28,GHCND:USW00012841,32803,76
885,2010-07-28,GHCND:USW00014820,44135,142
886,2010-07-28,GHCND:USW00012918,77061,33
887,2010-07-28,GHCND:USC00217011,55902,152
888,2010-07-28,GHCND:USW00094745,10604,0
889,2010-07-29,GHCND:US1TNDV0033,37214,0
890,2010-07-29,GHCND:USC00518543,96732,0
891,2010-07-29,GHCND:USW00014734,07114,97
892,2010-07-30,GHCND:US1TXLK0022,79403,0
893,2010-07-30,GHCND:US1NYTM0022,14850,0
894,2010-07-30,GHCND:USW00013881,28208,0
895,2010-07-30,GHCND:USW00013881,28208,0
896,2010-07-30,GHCND:US1TXTN0023,76051,0
897,2010-07-30,GHCND:USW00014842,61607,0
898,2010-07-30,GHCND:USW00014735,12110,0
899,2010-07-30,GHCND:USW00094846,60018,0
900,2010-07-30,GHCND:USW00094789,11430,0
901,2010-07-30,GHCND:US1MIWY0013,48111,0
902,2010-07-31,GHCND:US1CASC0037,95110,0
903,2010-07-31,GHCND:USC00446147,23502,0
904,2010-07-31,GHCND:USC00518543,96732,0
905,2010-07-31,GHCND:USW00023169,89119,0
906,2010-07-31,GHCND:USC00464397,25704,0
907,2010-07-31,GHCND:USW00014765,02886,0
908,2010-07-31,GHCND:USW00012815,32827,0
909,2010-07-31,GHCND:US1WASP0004,99224,15
910,2010-07-31,GHCND:USW00014922,55450,0
911,2010-08-01,GHCND:USW00014820,44135,0
912,2010-08-01,GHCND:US1CASC0037,95110,0
913,2010-08-01,GHCND:USW00093821,40213,0
914,2010-08-01,GHCND:USC00111577,60638,0
915,2010-08-01,GHCND:USC00363343,15108,0
916,2010-08-01,GHCND:USW00094789,11430,0
917,2010-08-01,GHCND:USW00012960,77032,0
918,2010-08-01,GHCND:USW00093225,95837,0
919,2010-08-01,GHCND:USW00013904,78719,0
920,2010-08-01,GHCND:USW00012894,33913,231
921,2010-08-01,GHCND:USW00013881,28208,58
922,2010-08-01,GHCND:US1SCLX0008,29170,127
923,2010-08-02,GHCND:USW00094726,02745,0
924,2010-08-02,GHCND:USC00474383,54540,414
925,2010-08-02,GHCND:USW00014837,53704,0
926,2010-08-02,GHCND:USW00003102,91761,0
927,2010-08-02,GHCND:USW00013904,78719,0
928,2010-08-02,GHCND:USW00014942,68110,173
929,2010-08-02,GHCND:USW00094846,60018,0
930,2010-08-02,GHCND:USW00093225,95837,0
931,2010-08-02,GHCND:USW00013881,28208,0
932,2010-08-03,GHCND:USW00094745,10604,0
933,2010-08-03,GHCND:USC00111577,60638,437
934,2010-08-03,GHCND:USW00003102,91761,0
935,2010-08-03,GHCND:USW00014733,14225,0
936,2010-08-03,GHCND:USW00012916,70062,0
937,2010-08-03,GHCND:US1TXTN0023,76051,0
938,2010-08-03,GHCND:USW00023050,87116,0
939,2010-08-03,GHCND:USW00014940,50428,0
940,2010-08-04,GHCND:USW00014739,02128,0
941,2010-08-04,GHCND:USW00012918,77061,0
942,2010-08-04,GHCND:US10linc003,69101,0
943,2010-08-04,GHCND:USW00093225,95837,0
944,2010-08-04,GHCND:USW00014942,68110,3
945,2010-08-04,GHCND:USW00093821,40213,0
946,2010-08-04,GHCND:US1TXTN0023,76051,0
947,2010-08-04,GHCND:USC00210075,56007,0
948,2010-08-04,GHCND:USC00131319,52404,38
949,2010-08-04,GHCND:USW00014922,55450,0
950,2010-08-04,GHCND:US1ILKN0004,60554,107
951,2010-08-04,GHCND:USW00012815,32827,0
952,2010-08-04,GHCND:USW00093820,40510,0
953,2010-08-05,GHCND:USW00093821,40213,66
954,2010-08-05,GHCND:USW00093821,40213,66
955,2010-08-05,GHCND:USW00023050,87116,38
956,2010-08-05,GHCND:USW00093821,40213,66
957,2010-08-05,GHCND:USW00094846,60018,0
958,2010-08-05,GHCND:US1COEP0063,80916,0
959,2010-08-05,GHCND:USW00014933,50321,0
960,2010-08-05,GHCND:USW00014765,02886,0
961,2010-08-05,GHCND:US1SCLX0008,29170,0
962,2010-08-05,GHCND:USC00082150,32114,0
963,2010-08-05,GHCND:US1TNDV0033,37214,0
964,2010-08-05,GHCND:USC00160007,70510,0
965,2010-08-05,GHCND:USW00012918,77061,0
966,2010-08-05,GHCND:US1PADP0014,17057,25
967,2010-08-05,GHCND:USW00014820,44135,48
968,2010-08-06,GHCND:USW00014820,44135,150
969,2010-08-06,GHCND:USW00013960,75235,25
970,2010-08-06,GHCND:USW00094741,07608,0
971,2010-08-06,GHCND:USC00323621,58203,0
972,2010-08-06,GHCND:USW00014913,55811,0
973,2010-08-06,GHCND:USW00014734,07114,0
974,2010-08-06,GHCND:USW00094846,60018,0
975,2010-08-06,GHCND:US1TNHL0015,37421,391
976,2010-08-06,GHCND:USW00093821,40213,0
977,2010-08-06,GHCND:USW00003017,80249,38
978,2010-08-07,GHCND:US1PADP0014,17057,0
979,2010-08-07,GHCND:US1PADP0014,17057,0
980,2010-08-07,GHCND:USW00014735,12110,0
981,2010-08-07,GHCND:USW00013740,23250,0
982,2010-08-07,GHCND:USW00093721,21240,0
983,2010-08-07,GHCND:USW00012841,32803,183
984,2010-08-07,GHCND:US1WYFM0017,82501,0
985,2010-08-07,GHCND:USW00014942,68110,0
986,2010-08-07,GHCND:USW00014933,50321,0
987,2010-08-07,GHCND:USW00094789,11430,0
988,2010-08-08,GHCND:USW00094846,60018,20
989,2010-08-08,GHCND:US1SCLX0008,29170,0
990,2010-08-08,GHCND:USW00014820,44135,0
991,2010-08-08,GHCND:USW00014820,44135,0
992,2010-08-08,GHCND:US1NCCN0004,28562,5
993,2010-08-08,GHCND:USC00500310,99835,127
994,2010-08-08,GHCND:US1MIGT0001,49686,323
995,2010-08-08,GHCND:USW00014922,55450,81
996,2010-08-09,GHCND:US1MAES0002,01915,0
997,2010-08-09,GHCND:USW00093225,95837,0
998,2010-08-09,GHCND:USW00093225,95837,0
999,2010-08-09,GHCND:US1OKCR0003,73401,0
1000,2010-08-09,GHCND:USW00093225,95837,0
1001,2010-08-09,GHCND:USW00003947,64153,0
1002,2010-08-09,GHCND:USW00014860,16505,0
1003,2010-08-09,GHCND:USW00014842,61607,56
1004,2010-08-09,GHCND:USW00012918,77061,0
1005,2010-08-09,GHCND:US1MOGR0051,65803,0
1006,2010-08-09,GHCND:USW00014820,44135,0
1007,2010-08-09,GHCND:USW00014820,44135,0
1008,2010-08-09,GHCND:USW00093741,23602,3
1009,2010-08-10,GHCND:USW00014739,02128,18
1010,2010-08-10,GHCND:USC00082150,32114,0
1011,2010-08-10,GHCND:USW00094846,60018,0
1012,2010-08-10,GHCND:USW00094846,60018,0
1013,2010-08-10,GHCND:USW00093821,40213,0
1014,2010-08-10,GHCND:US1RINW0004,02842,0
1015,2010-08-10,GHCND:USW00014740,06096,18
1016,2010-08-10,GHCND:USC00129243,46582,20
1017,2010-08-10,GHCND:USW00013893,38116,74
1018,2010-08-10,GHCND:USC00446147,23502,0
1019,2010-08-10,GHCND:USW00014740,06096,18
1020,2010-08-10,GHCND:US1COPU0015,81001,0
1021,2010-08-11,GHCND:USW00014734,07114,0
1022,2010-08-11,GHCND:USW00093821,40213,13
1023,2010-08-11,GHCND:USW00093821,40213,13
1024,2010-08-11,GHCND:USW00014820,44135,178
1025,2010-08-11,GHCND:USW00093721,21240,0
1026,2010-08-11,GHCND:USW00012841,32803,160
1027,2010-08-11,GHCND:USW00093721,21240,0
1028,2010-08-11,GHCND:USW00093741,23602,0
1029,2010-08-11,GHCND:US1TNDV0033,37214,0
1030,2010-08-11,GHCND:US1PADP0014,17057,0
1031,2010-08-11,GHCND:USW00023129,90807,0
1032,2010-08-11,GHCND:USW00012921,78216,0
1033,2010-08-12,GHCND:USW00014942,68110,0
1034,2010-08-12,GHCND:USW00014820,44135,0
1035,2010-08-12,GHCND:USW00014820,44135,0
1036,2010-08-12,GHCND:US1SDPN0001,57703,0
1037,2010-08-12,GHCND:USC00063207,06340,0
1038,2010-08-12,GHCND:USW00093821,40213,0
1039,2010-08-12,GHCND:USW00012815,32827,0
1040,2010-08-13,GHCND:USW00093225,95837,0
1041,2010-08-13,GHCND:USW00093721,21240,33
1042,2010-08-13,GHCND:USW00012854,32773,0
1043,2010-08-13,GHCND:USW00012815,32827,117
1044,2010-08-13,GHCND:USW00094847,48242,0
1045,2010-08-13,GHCND:USW00014820,44135,0
1046,2010-08-13,GHCND:USW00094846,60018,64
1047,2010-08-13,GHCND:USW00093821,40213,0
1048,2010-08-13,GHCND:USW00012842,33607,10
1049,2010-08-13,GHCND:USW00014739,02128,0
1050,2010-08-14,GHCND:USW00014821,43219,64
1051,2010-08-14,GHCND:USW00023230,94621,0
1052,2010-08-14,GHCND:USW00093225,95837,0
1053,2010-08-14,GHCND:USW00094847,48242,0
1054,2010-08-14,GHCND:US1KYBN0004,41042,0
1055,2010-08-14,GHCND:USW00023230,94621,0
1056,2010-08-14,GHCND:USW00023188,92101,0
1057,2010-08-14,GHCND:USW00093721,21240,0
1058,2010-08-14,GHCND:USW00093225,95837,0
1059,2010-08-15,GHCND:USW00012842,33607,0
1060,2010-08-15,GHCND:US1FLDV0037,32218,86
1061,2010-08-15,GHCND:US1FLDV0037,32218,86
1062,2010-08-15,GHCND:USC00363343,15108,229
1063,2010-08-15,GHCND:USW00014739,02128,0
1064,2010-08-15,GHCND:US1FLDV0037,32218,86
1065,2010-08-15,GHCND:USW00014820,44135,58
1066,2010-08-15,GHCND:US1NVWH0078,89502,0
1067,2010-08-15,GHCND:USW00014777,18641,117
1068,2010-08-15,GHCND:USW00014826,48507,0
1069,2010-08-15,GHCND:US1ILRI0003,61265,0
1070,2010-08-15,GHCND:USW00014820,44135,58
1071,2010-08-16,GHCND:USW00014922,55450,0
1072,2010-08-16,GHCND:US1MTRC0002,59270,0
1073,2010-08-16,GHCND:USW00014939,68524,69
1074,2010-08-16,GHCND:US1OHLR0008,44035,0
1075,2010-08-16,GHCND:USC00111577,60638,0
1076,2010-08-16,GHCND:US1FLDV0037,32218,277
1077,2010-08-16,GHCND:USW00014739,02128,53
1078,2010-08-16,GHCND:USW00013722,27560,0
1079,2010-08-16,GHCND:US1NHBK0007,03249,38
1080,2010-08-17,GHCND:USW00053908,74132,274
1081,2010-08-17,GHCND:USW00026615,99559,10
1082,2010-08-17,GHCND:USW00014733,14225,0
1083,2010-08-17,GHCND:USW00013988,64116,127
1084,2010-08-17,GHCND:US1FLES0010,32504,99
1085,2010-08-17,GHCND:USW00023174,90045,0
1086,2010-08-17,GHCND:USW00093821,40213,0
1087,2010-08-17,GHCND:USW00093225,95837,0
1088,2010-08-17,GHCND:US1NCHN0002,28732,0
1089,2010-08-17,GHCND:USW00014820,44135,0
1090,2010-08-17,GHCND:USW00014820,44135,0
1091,2010-08-17,GHCND:USW00093741,23602,0
1092,2010-08-17,GHCND:USW00013881,28208,0
1093,2010-08-17,GHCND:USW00023183,85034,36
1094,2010-08-18,GHCND:USW00014845,48623,0
1095,2010-08-18,GHCND:USW00023174,90045,0
1096,2010-08-18,GHCND:US1TNHL0015,37421,178
1097,2010-08-18,GHCND:USW00003947,64153,0
1098,2010-08-18,GHCND:USC00092159,31909,0
1099,2010-08-18,GHCND:US1NYTM0008,14850,0
1100,2010-08-18,GHCND:USW00014942,68110,0
1101,2010-08-18,GHCND:USW00014933,50321,0
1102,2010-08-18,GHCND:US1SCLX0008,29170,117
1103,2010-08-18,GHCND:USC00511065,96720,0
1104,2010-08-19,GHCND:USW00014734,07114,0
1105,2010-08-19,GHCND:USW00014842,61607,0
1106,2010-08-19,GHCND:USC00446147,23502,36
1107,2010-08-19,GHCND:USW00014922,55450,0
1108,2010-08-19,GHCND:USW00094830,43558,0
1109,2010-08-19,GHCND:USW00014739,02128,0
1110,2010-08-19,GHCND:USW00012918,77061,13
1111,2010-08-19,GHCND:USW00012815,32827,20
1112,2010-08-19,GHCND:US1NYCM0008,14845,0
1113,2010-08-19,GHCND:US1PADP0014,17057,0
1114,2010-08-19,GHCND:US1TXTN0023,76051,0
1115,2010-08-19,GHCND:US1PADP0014,17057,0
1116,2010-08-19,GHCND:US1MSHR0007,39503,178
1117,2010-08-20,GHCND:USW00073805,32409,69
1118,2010-08-20,GHCND:USW00014933,50321,79
1119,2010-08-20,GHCND:US1UTTL0001,84074,41
1120,2010-08-20,GHCND:USW00012815,32827,0
1121,2010-08-20,GHCND:USW00093225,95837,0
1122,2010-08-20,GHCND:USC00083163,33315,0
1123,2010-08-20,GHCND:USW00093721,21240,0
1124,2010-08-20,GHCND:US1FLDV0037,32218,13
1125,2010-08-20,GHCND:USC00415701,78503,0
1126,2010-08-21,GHCND:USW00014940,50428,0
1127,2010-08-21,GHCND:USW00014732,11371,0
1128,2010-08-21,GHCND:USW00023234,94128,0
1129,2010-08-21,GHCND:USW00013882,37421,43
1130,2010-08-21,GHCND:USW00024233,98158,3
1131,2010-08-21,GHCND:US1MSRN0014,39208,0
1132,2010-08-22,GHCND:USW00094830,43558,0
1133,2010-08-22,GHCND:USC00518543,96732,0
1134,2010-08-22,GHCND:US1VANNC003,23602,0
1135,2010-08-22,GHCND:US1ARPS0012,72206,25
1136,2010-08-22,GHCND:USC00082150,32114,0
1137,2010-08-22,GHCND:USW00024233,98158,0
1138,2010-08-22,GHCND:US1FLDV0037,32218,493
1139,2010-08-22,GHCND:USW00013960,75235,0
1140,2010-08-22,GHCND:USW00014933,50321,0
1141,2010-08-22,GHCND:USW00093820,40510,0
1142,2010-08-23,GHCND:USC00117077,62305,0
1143,2010-08-23,GHCND:USC00514561,96754,0
1144,2010-08-23,GHCND:USW00093721,21240,23
1145,2010-08-23,GHCND:USW00014860,16505,5
1146,2010-08-23,GHCND:USW00094846,60018,0
1147,2010-08-23,GHCND:USW00093721,21240,23
1148,2010-08-23,GHCND:US1UTSL0085,84116,5
1149,2010-08-23,GHCND:USC00346659,73159,0
1150,2010-08-23,GHCND:USW00014942,68110,41
1151,2010-08-24,GHCND:USW00012815,32827,25
1152,2010-08-24,GHCND:USW00012844,33406,13
1153,2010-08-24,GHCND:USW00014756,02554,18
1154,2010-08-24,GHCND:USW00014710,03103,5
1155,2010-08-24,GHCND:USW00093821,40213,0
1156,2010-08-24,GHCND:US1MIIH0020,48906,0
1157,2010-08-24,GHCND:USW00023230,94621,0
1158,2010-08-24,GHCND:USW00014845,48623,0
1159,2010-08-24,GHCND:USW00012894,33913,8
1160,2010-08-24,GHCND:USW00012894,33913,8
1161,2010-08-24,GHCND:USW00093821,40213,0
1162,2010-08-24,GHCND:US1FLDV0037,32218,36
1163,2010-08-25,GHCND:USW00012885,33309,0
1164,2010-08-25,GHCND:USW00003935,63780,0
1165,2010-08-25,GHCND:USC00217011,55902,0
1166,2010-08-25,GHCND:USW00003017,80249,0
1167,2010-08-25,GHCND:USW00093820,40510,0
1168,2010-08-25,GHCND:USW00012854,32773,0
1169,2010-08-25,GHCND:US1TNHL0015,37421,0
1170,2010-08-25,GHCND:USW00013810,40205,0
1171,2010-08-25,GHCND:USW00014739,02128,701
1172,2010-08-25,GHCND:USW00012815,32827,20
1173,2010-08-25,GHCND:USW00012894,33913,173
1174,2010-08-25,GHCND:USW00012815,32827,20
1175,2010-08-25,GHCND:USC00412011,78406,0
1176,2010-08-25,GHCND:USW00023183,85034,0
1177,2010-08-25,GHCND:USW00014820,44135,0
1178,2010-08-26,GHCND:USW00012854,32773,0
1179,2010-08-26,GHCND:USW00012894,33913,43
1180,2010-08-26,GHCND:US1TNDV0033,37214,0
1181,2010-08-26,GHCND:USW00012960,77032,0
1182,2010-08-26,GHCND:USW00023050,87116,0
1183,2010-08-26,GHCND:USW00093821,40213,0
1184,2010-08-26,GHCND:USW00014922,55450,0
1185,2010-08-26,GHCND:US1MEKB0002,04330,249
1186,2010-08-26,GHCND:USC00203858,49423,0
1187,2010-08-26,GHCND:US1KSDG0013,66044,0
1188,2010-08-26,GHCND:US1FLDV0037,32218,38
1189,2010-08-26,GHCND:USW00012815,32827,69
1190,2010-08-26,GHCND:USW00013961,76106,0
1191,2010-08-26,GHCND:USW00014739,02128,0
1192,2010-08-26,GHCND:USW00094741,07608,0
1193,2010-08-27,GHCND:USW00023050,87116,0
1194,2010-08-27,GHCND:USW00014765,02886,0
1195,2010-08-27,GHCND:USW00023183,85034,0
1196,2010-08-27,GHCND:USW00012815,32827,66
1197,2010-08-27,GHCND:USW00012815,32827,66
1198,2010-08-27,GHCND:USW00003017,80249,0
1199,2010-08-27,GHCND:USW00013893,38116,0
1200,2010-08-27,GHCND:USW00014765,02886,0
1201,2010-08-27,GHCND:US1MTCC0001,59404,0
1202,2010-08-27,GHCND:USW00012916,70062,500
1203,2010-08-27,GHCND:USW00014922,55450,0
1204,2010-08-27,GHCND:USW00012854,32773,23
1205,2010-08-27,GHCND:USW00013881,28208,0
1206,2010-08-27,GHCND:USC00083163,33315,0
1207,2010-08-27,GHCND:USW00013882,37421,0
1208,2010-08-27,GHCND:USW00026615,99559,41
1209,2010-08-27,GHCND:USC00063207,06340,3
1210,2010-08-27,GHCND:USW00012873,33762,109
1211,2010-08-27,GHCND:USW00094846,60018,0
1212,2010-08-28,GHCND:US1TXTN0023,76051,0
1213,2010-08-28,GHCND:USW00014820,44135,0
1214,2010-08-28,GHCND:USW00012918,77061,0
1215,2010-08-28,GHCND:USW00093205,95961,0
1216,2010-08-28,GHCND:USC00217011,55902,0
1217,2010-08-28,GHCND:US1LALY0005,70508,0
1218,2010-08-28,GHCND:USW00094789,11430,0
1219,2010-08-29,GHCND:USW00093820,40510,0
1220,2010-08-29,GHCND:USW00014794,02891,0
1221,2010-08-29,GHCND:USW00012918,77061,5
1222,2010-08-29,GHCND:USW00013904,78719,0
1223,2010-08-29,GHCND:USW00012916,70062,442
1224,2010-08-29,GHCND:USW00094846,60018,0
1225,2010-08-29,GHCND:US1FLES0010,32504,394
1226,2010-08-30,GHCND:USC00500275,99502,0
1227,2010-08-30,GHCND:USW00014842,61607,0
1228,2010-08-30,GHCND:USW00014792,08628,0
1229,2010-08-30,GHCND:USW00023174,90045,0
1230,2010-08-31,GHCND:US1MIWY0013,48111,0
1231,2010-08-31,GHCND:USW00012918,77061,3
1232,2010-08-31,GHCND:USW00094847,48242,0
1233,2010-08-31,GHCND:US1TXTN0023,76051,0
1234,2010-09-01,GHCND:USW00093225,95837,0
1235,2010-09-01,GHCND:USW00014933,50321,3
1236,2010-09-01,GHCND:USW00053908,74132,137
1237,2010-09-01,GHCND:USW00094846,60018,43
1238,2010-09-01,GHCND:USC00144695,67901,0
1239,2010-09-01,GHCND:USW00004838,60090,30
1240,2010-09-01,GHCND:USC00111577,60638,33
1241,2010-09-01,GHCND:USW00014837,53704,213
1242,2010-09-01,GHCND:US1FLDV0037,32218,0
1243,2010-09-01,GHCND:USW00003935,63780,0
1244,2010-09-01,GHCND:US1ILWN0010,61109,0
1245,2010-09-01,GHCND:USW00012882,33054,13
1246,2010-09-01,GHCND:USW00093721,21240,0
1247,2010-09-02,GHCND:USW00073805,32409,0
1248,2010-09-02,GHCND:USW00003947,64153,25
1249,2010-09-02,GHCND:USW00014942,68110,3
1250,2010-09-02,GHCND:USW00014939,68524,0
1251,2010-09-02,GHCND:USW00014942,68110,3
1252,2010-09-02,GHCND:USW00014821,43219,0
1253,2010-09-02,GHCND:USW00094860,49512,94
1254,2010-09-02,GHCND:US1TXTN0023,76051,5
1255,2010-09-02,GHCND:US1UTSL0085,84116,0
1256,2010-09-02,GHCND:US1UTSL0085,84116,0
1257,2010-09-02,GHCND:USW00013743,22202,0
1258,2010-09-02,GHCND:USW00093821,40213,0
1259,2010-09-03,GHCND:USW00014933,50321,0
1260,2010-09-03,GHCND:USC00131319,52404,25
1261,2010-09-03,GHCND:USC00111577,60638,0
1262,2010-09-03,GHCND:US1TXWB0004,78041,0
1263,2010-09-03,GHCND:US1MSOK0001,39759,0
1264,2010-09-03,GHCND:USC00111577,60638,0
1265,2010-09-03,GHCND:USC00111577,60638,0
1266,2010-09-03,GHCND:USC00111577,60638,0
1267,2010-09-03,GHCND:US1SCLX0008,29170,0
1268,2010-09-03,GHCND:US1MEHN0004,04605,0
1269,2010-09-03,GHCND:US1VANNC003,23602,3
1270,2010-09-03,GHCND:USW00093821,40213,0
1271,2010-09-03,GHCND:USW00094846,60018,0
1272,2010-09-03,GHCND:USW00094846,60018,0
1273,2010-09-03,GHCND:USW00014732,11371,0
1274,2010-09-03,GHCND:USW00012873,33762,0
1275,2010-09-03,GHCND:USW00093821,40213,0
1276,2010-09-03,GHCND:US1TNDV0033,37214,0
1277,2010-09-03,GHCND:USW00094847,48242,13
1278,2010-09-04,GHCND:USW00013893,38116,0
1279,2010-09-04,GHCND:USW00014839,53207,0
1280,2010-09-04,GHCND:USC00363343,15108,13
1281,2010-09-04,GHCND:USW00093821,40213,0
1282,2010-09-04,GHCND:USW00012894,33913,84
1283,2010-09-04,GHCND:USC00101024,83705,0
1284,2010-09-05,GHCND:USW00004781,11779,0
1285,2010-09-05,GHCND:USW00013881,28208,0
1286,2010-09-06,GHCND:USW00014734,07114,0
1287,2010-09-06,GHCND:USW00014739,02128,0
1288,2010-09-06,GHCND:US1NDBH0001,58504,84
1289,2010-09-06,GHCND:USW00023050,87116,0
1290,2010-09-06,GHCND:USC00516395,96818,0
1291,2010-09-06,GHCND:USW00012918,77061,335
1292,2010-09-06,GHCND:USW00023230,94621,0
1293,2010-09-06,GHCND:USW00094846,60018,0
1294,2010-09-06,GHCND:US1TXHRS003,75672,0
1295,2010-09-07,GHCND:USW00014942,68110,0
1296,2010-09-07,GHCND:USW00094817,48327,0
1297,2010-09-07,GHCND:USW00014942,68110,0
1298,2010-09-07,GHCND:USW00022534,96729,0
1299,2010-09-07,GHCND:USW00094815,49002,0
1300,2010-09-07,GHCND:US1MIIH0020,48906,30
1301,2010-09-07,GHCND:USW00013881,28208,0
1302,2010-09-07,GHCND:US1WYLM0005,82001,0
1303,2010-09-07,GHCND:USW00023050,87116,0
1304,2010-09-07,GHCND:US1SDBR0001,57401,234
1305,2010-09-07,GHCND:USW00003947,64153,0
1306,2010-09-08,GHCND:USW00014942,68110,0
1307,2010-09-08,GHCND:USW00013876,35212,0
1308,2010-09-08,GHCND:USW00014939,68524,0
1309,2010-09-08,GHCND:USW00013881,28208,0
1310,2010-09-08,GHCND:US1MOGR0051,65803,0
1311,2010-09-08,GHCND:USW00093821,40213,0
1312,2010-09-08,GHCND:US1NJMS0003,07960,0
1313,2010-09-08,GHCND:USW00094745,10604,5
1314,2010-09-08,GHCND:USW00014922,55450,0
1315,2010-09-08,GHCND:US1MEKB0002,04330,15
1316,2010-09-08,GHCND:USC00346659,73159,25
1317,2010-09-09,GHCND:USW00012854,32773,99
1318,2010-09-09,GHCND:US1COEP0065,80928,0
1319,2010-09-09,GHCND:US1WVTA0003,26330,0
1320,2010-09-09,GHCND:USW00014942,68110,0
1321,2010-09-09,GHCND:US1TXTN0023,76051,1095
1322,2010-09-09,GHCND:US1TNDV0033,37214,0
1323,2010-09-09,GHCND:USW00003947,64153,5
1324,2010-09-09,GHCND:US1AZYV0022,86301,0
1325,2010-09-09,GHCND:US1TXBXR112,78216,122
1326,2010-09-09,GHCND:USW00093821,40213,0
1327,2010-09-09,GHCND:USW00093225,95837,0
1328,2010-09-09,GHCND:USW00012854,32773,99
1329,2010-09-09,GHCND:USW00014740,06096,0
1330,2010-09-09,GHCND:USW00013960,75235,0
1331,2010-09-10,GHCND:USW00014933,50321,185
1332,2010-09-10,GHCND:USW00014765,02886,0
1333,2010-09-10,GHCND:USW00014820,44135,0
1334,2010-09-10,GHCND:USW00012854,32773,0
1335,2010-09-10,GHCND:USW00014740,06096,0
1336,2010-09-10,GHCND:USW00024233,98158,0
1337,2010-09-10,GHCND:USW00093721,21240,0
1338,2010-09-10,GHCND:USW00093721,21240,0
1339,2010-09-10,GHCND:US1TXTN0023,76051,0
1340,2010-09-10,GHCND:USW00003017,80249,0
1341,2010-09-10,GHCND:USC00243110,59501,71
1342,2010-09-10,GHCND:USW00093821,40213,8
1343,2010-09-11,GHCND:USC00122731,47725,53
1344,2010-09-11,GHCND:USC00511065,96720,0
1345,2010-09-11,GHCND:USW00012918,77061,0
1346,2010-09-11,GHCND:USW00003102,91761,0
1347,2010-09-11,GHCND:USW00012916,70062,0
1348,2010-09-12,GHCND:USW00014711,17057,185
1349,2010-09-12,GHCND:USW00014922,55450,0
1350,2010-09-12,GHCND:USW00014711,17057,185
1351,2010-09-12,GHCND:USW00024233,98158,0
1352,2010-09-12,GHCND:US1UTSL0085,84116,0
1353,2010-09-12,GHCND:US1TNDV0033,37214,15
1354,2010-09-12,GHCND:USC00083163,33315,5
1355,2010-09-12,GHCND:USW00012918,77061,0
1356,2010-09-12,GHCND:USC00084625,34741,0
1357,2010-09-12,GHCND:USW00013874,30337,0
1358,2010-09-12,GHCND:USW00094732,19114,51
1359,2010-09-12,GHCND:USW00014732,11371,33
1360,2010-09-12,GHCND:US1TXMCL001,76708,0
1361,2010-09-12,GHCND:USW00013874,30337,0
1362,2010-09-12,GHCND:USC00047749,91750,0
1363,2010-09-12,GHCND:USW00023293,95110,0
1364,2010-09-13,GHCND:USW00014734,07114,236
1365,2010-09-13,GHCND:US1VTCH0006,05403,13
1366,2010-09-13,GHCND:US1UTSL0085,84116,0
1367,2010-09-13,GHCND:US1OHLR0008,44035,5
1368,2010-09-13,GHCND:USW00012918,77061,0
1369,2010-09-13,GHCND:USW00012918,77061,0
1370,2010-09-13,GHCND:USW00093721,21240,0
1371,2010-09-14,GHCND:US1TXTN0023,76051,0
1372,2010-09-14,GHCND:USW00013893,38116,0
1373,2010-09-14,GHCND:USW00023230,94621,0
1374,2010-09-14,GHCND:USC00412011,78406,0
1375,2010-09-14,GHCND:USW00093037,80916,0
1376,2010-09-14,GHCND:USW00014732,11371,0
1377,2010-09-14,GHCND:USW00012916,70062,0
1378,2010-09-15,GHCND:USW00014740,06096,0
1379,2010-09-15,GHCND:US1TXTN0023,76051,79
1380,2010-09-15,GHCND:USW00013876,35212,0
1381,2010-09-15,GHCND:US1WVTA0003,26330,0
1382,2010-09-15,GHCND:US1MTCC0001,59404,3
1383,2010-09-15,GHCND:USC00334874,44903,0
1384,2010-09-15,GHCND:USW00093821,40213,0
1385,2010-09-15,GHCND:USW00094789,11430,0
1386,2010-09-15,GHCND:USW00014732,11371,0
1387,2010-09-15,GHCND:USW00094745,10604,0
1388,2010-09-16,GHCND:USW00013876,35212,8
1389,2010-09-16,GHCND:USW00014942,68110,0
1390,2010-09-16,GHCND:USW00013970,70807,0
1391,2010-09-16,GHCND:USC00334874,44903,84
1392,2010-09-16,GHCND:USW00012916,70062,0
1393,2010-09-16,GHCND:US1TXTN0023,76051,0
1394,2010-09-16,GHCND:USC00111577,60638,0
1395,2010-09-16,GHCND:USW00013960,75235,0
1396,2010-09-16,GHCND:US1UTSL0085,84116,0
1397,2010-09-16,GHCND:USW00013970,70807,0
1398,2010-09-17,GHCND:USW00012916,70062,0
1399,2010-09-17,GHCND:USC00221880,39701,0
1400,2010-09-18,GHCND:USW00093821,40213,0
1401,2010-09-18,GHCND:USW00094846,60018,89
1402,2010-09-18,GHCND:USW00093225,95837,0
1403,2010-09-18,GHCND:USC00470265,54914,8
1404,2010-09-18,GHCND:USW00013876,35212,0
1405,2010-09-18,GHCND:USW00013960,75235,0
1406,2010-09-18,GHCND:USW00013743,22202,0
1407,2010-09-18,GHCND:US1NHRC0012,03801,8
1408,2010-09-19,GHCND:USC00046572,93030,0
1409,2010-09-19,GHCND:USW00023183,85034,0
1410,2010-09-19,GHCND:USW00093225,95837,5
1411,2010-09-19,GHCND:US1ORMN0010,97302,330
1412,2010-09-19,GHCND:USW00094846,60018,0
1413,2010-09-20,GHCND:USW00093721,21240,0
1414,2010-09-20,GHCND:USW00093225,95837,0
1415,2010-09-20,GHCND:USW00014734,07114,0
1416,2010-09-20,GHCND:USC00446147,23502,0
1417,2010-09-20,GHCND:USW00014933,50321,0
1418,2010-09-20,GHCND:USW00003947,64153,0
1419,2010-09-20,GHCND:USW00094745,10604,0
1420,2010-09-20,GHCND:USW00094745,10604,0
1421,2010-09-20,GHCND:USW00014739,02128,0
1422,2010-09-20,GHCND:USW00004781,11779,0
1423,2010-09-20,GHCND:USW00014942,68110,0
1424,2010-09-20,GHCND:USW00014732,11371,0
1425,2010-09-20,GHCND:USW00023234,94128,0
1426,2010-09-21,GHCND:USW00014922,55450,135
1427,2010-09-21,GHCND:US1AZYV0022,86301,0
1428,2010-09-21,GHCND:USW00014942,68110,127
1429,2010-09-21,GHCND:USW00014933,50321,61
1430,2010-09-21,GHCND:US1CASC0037,95110,0
1431,2010-09-21,GHCND:USW00014739,02128,0
1432,2010-09-21,GHCND:US1NVWH0078,89502,0
1433,2010-09-22,GHCND:USW00094789,11430,91
1434,2010-09-22,GHCND:USW00013904,78719,5
1435,2010-09-22,GHCND:US1KSBT0002,67530,0
1436,2010-09-22,GHCND:US1UTSL0085,84116,0
1437,2010-09-22,GHCND:USW00012918,77061,89
1438,2010-09-22,GHCND:USW00024233,98158,0
1439,2010-09-22,GHCND:USW00093821,40213,0
1440,2010-09-22,GHCND:USW00024110,98837,0
1441,2010-09-22,GHCND:USW00012842,33607,0
1442,2010-09-22,GHCND:USW00024233,98158,0
1443,2010-09-23,GHCND:USW00023183,85034,0
1444,2010-09-23,GHCND:USC00446147,23502,0
1445,2010-09-23,GHCND:USC00446147,23502,0
1446,2010-09-23,GHCND:USW00014732,11371,0
1447,2010-09-23,GHCND:USW00093037,80916,0
1448,2010-09-23,GHCND:USW00023169,89119,0
1449,2010-09-23,GHCND:USC00047749,91750,0
1450,2010-09-23,GHCND:USW00024233,98158,66
1451,2010-09-23,GHCND:US1WADG0003,98802,0
1452,2010-09-23,GHCND:US1INJH0012,46143,33
1453,2010-09-23,GHCND:US1MIIH0020,48906,0
1454,2010-09-23,GHCND:US1FLMN0001,33040,53
1455,2010-09-23,GHCND:USW00012916,70062,0
1456,2010-09-23,GHCND:US1TNDV0033,37214,0
1457,2010-09-24,GHCND:USC00111577,60638,38
1458,2010-09-24,GHCND:USW00093821,40213,3
1459,2010-09-24,GHCND:USW00023174,90045,0
1460,2010-09-24,GHCND:USW00023234,94128,0
1461,2010-09-24,GHCND:USW00014922,55450,0
1462,2010-09-24,GHCND:USW00013960,75235,0
1463,2010-09-24,GHCND:USC00518543,96732,0
1464,2010-09-24,GHCND:USW00014839,53207,3
1465,2010-09-24,GHCND:US1TXWB0004,78041,0
1466,2010-09-24,GHCND:USW00003017,80249,0
1467,2010-09-24,GHCND:USW00003017,80249,0
1468,2010-09-25,GHCND:USW00023174,90045,0
1469,2010-09-25,GHCND:USW00003947,64153,79
1470,2010-09-25,GHCND:USW00014740,06096,0
1471,2010-09-25,GHCND:USC00111577,60638,3
1472,2010-09-25,GHCND:USC00415701,78503,33
1473,2010-09-25,GHCND:USW00014739,02128,0
1474,2010-09-25,GHCND:USW00003017,80249,0
1475,2010-09-25,GHCND:USW00014820,44135,0
1476,2010-09-25,GHCND:USW00003017,80249,0
1477,2010-09-25,GHCND:USW00003017,80249,0
1478,2010-09-25,GHCND:USW00012960,77032,0
1479,2010-09-26,GHCND:USW00014792,08628,0
1480,2010-09-26,GHCND:US1TXMDL018,79706,102
1481,2010-09-26,GHCND:USW00094817,48327,0
1482,2010-09-26,GHCND:USC00111577,60638,13
1483,2010-09-26,GHCND:USW00003947,64153,0
1484,2010-09-26,GHCND:US1MNHN0015,55347,8
1485,2010-09-26,GHCND:USW00014739,02128,0
1486,2010-09-27,GHCND:USW00014933,50321,0
1487,2010-09-27,GHCND:USW00014732,11371,259
1488,2010-09-27,GHCND:USC00346659,73159,0
1489,2010-09-27,GHCND:USW00013960,75235,0
1490,2010-09-27,GHCND:USW00054787,11735,160
1491,2010-09-27,GHCND:USW00012916,70062,0
1492,2010-09-27,GHCND:USW00012916,70062,0
1493,2010-09-27,GHCND:USW00013874,30337,58
1494,2010-09-27,GHCND:USW00003856,35824,64
1495,2010-09-27,GHCND:US1TNDV0033,37214,0
1496,2010-09-27,GHCND:USW00013766,27954,0
1497,2010-09-27,GHCND:USW00093821,40213,0
1498,2010-09-27,GHCND:USW00013968,74115,0
1499,2010-09-27,GHCND:US1KYHD0005,42701,0
1500,2010-09-28,GHCND:USW00023234,94128,0
1501,2010-09-28,GHCND:USW00093225,95837,0
1502,2010-09-28,GHCND:USW00093821,40213,0
1503,2010-09-28,GHCND:USW00012918,77061,0
1504,2010-09-28,GHCND:USW00023188,92101,0
1505,2010-09-28,GHCND:USW00003017,80249,0
1506,2010-09-28,GHCND:USW00023273,93455,0
1507,2010-09-28,GHCND:US1ARPS0012,72206,0
1508,2010-09-28,GHCND:USW00014942,68110,0
1509,2010-09-29,GHCND:USW00003017,80249,0
1510,2010-09-29,GHCND:USW00023174,90045,0
1511,2010-09-29,GHCND:US1TXTN0023,76051,0
1512,2010-09-29,GHCND:US1ALMB0004,36608,0
1513,2010-09-29,GHCND:USW00014933,50321,0
1514,2010-09-30,GHCND:USW00014839,53207,0
1515,2010-09-30,GHCND:USW00014735,12110,681
1516,2010-09-30,GHCND:USW00014820,44135,0
1517,2010-09-30,GHCND:USW00014942,68110,0
1518,2010-09-30,GHCND:USW00013904,78719,0
1519,2010-09-30,GHCND:USW00014933,50321,0
1520,2010-09-30,GHCND:US1MSHC0009,39556,0
1521,2010-10-01,GHCND:USW00013893,38116,0
1522,2010-10-01,GHCND:USC00386153,29577,0
1523,2010-10-01,GHCND:US1SCCR0049,29404,0
1524,2010-10-01,GHCND:USC00386153,29577,0
1525,2010-10-01,GHCND:USC00041967,94520,0
1526,2010-10-01,GHCND:USW00003947,64153,0
1527,2010-10-01,GHCND:US1MIKN0042,49345,0
1528,2010-10-01,GHCND:USW00023047,79111,0
1529,2010-10-01,GHCND:USW00013881,28208,0
1530,2010-10-01,GHCND:USW00093721,21240,5
1531,2010-10-01,GHCND:USW00012960,77032,0
1532,2010-10-01,GHCND:USW00093821,40213,0
1533,2010-10-01,GHCND:USW00013874,30337,0
1534,2010-10-01,GHCND:USW00094789,11430,513
1535,2010-10-01,GHCND:USW00093821,40213,0
1536,2010-10-01,GHCND:USW00012854,32773,0
1537,2010-10-01,GHCND:USW00014839,53207,8
1538,2010-10-01,GHCND:US1FLDV0037,32218,0
1539,2010-10-01,GHCND:USW00014942,68110,0
1540,2010-10-01,GHCND:USC00083163,33315,8
1541,2010-10-01,GHCND:USC00083163,33315,8
1542,2010-10-02,GHCND:USW00014739,02128,0
1543,2010-10-02,GHCND:USW00093225,95837,0
1544,2010-10-03,GHCND:USC00346659,73159,0
1545,2010-10-03,GHCND:USW00003017,80249,0
1546,2010-10-03,GHCND:USW00014820,44135,64
1547,2010-10-03,GHCND:USW00003017,80249,0
1548,2010-10-03,GHCND:USC00111577,60638,0
1549,2010-10-03,GHCND:USW00014942,68110,0
1550,2010-10-03,GHCND:USW00093037,80916,0
1551,2010-10-04,GHCND:USW00013881,28208,5
1552,2010-10-04,GHCND:USC00511065,96720,0
1553,2010-10-04,GHCND:USW00014740,06096,3
1554,2010-10-04,GHCND:USW00023230,94621,0
1555,2010-10-04,GHCND:USW00094732,19114,66
1556,2010-10-04,GHCND:USW00012960,77032,0
1557,2010-10-04,GHCND:USW00012842,33607,0
1558,2010-10-04,GHCND:US1TNMD0003,38301,0
1559,2010-10-04,GHCND:US1PADP0014,17057,30
1560,2010-10-04,GHCND:US1FLES0010,32504,0
1561,2010-10-05,GHCND:USW00012873,33762,0
1562,2010-10-05,GHCND:USW00014820,44135,122
1563,2010-10-05,GHCND:USW00012916,70062,0
1564,2010-10-05,GHCND:USW00093821,40213,0
1565,2010-10-05,GHCND:USW00012844,33406,0
1566,2010-10-05,GHCND:USW00023293,95110,0
1567,2010-10-05,GHCND:USW00013881,28208,0
1568,2010-10-05,GHCND:USW00003947,64153,0
1569,2010-10-05,GHCND:USC00511038,96766,0
1570,2010-10-05,GHCND:USW00012918,77061,0
1571,2010-10-06,GHCND:USW00013743,22202,8
1572,2010-10-06,GHCND:USW00003947,64153,0
1573,2010-10-06,GHCND:USW00093821,40213,0
1574,2010-10-06,GHCND:USW00093821,40213,0
1575,2010-10-06,GHCND:USW00014922,55450,0
1576,2010-10-06,GHCND:USW00012916,70062,0
1577,2010-10-06,GHCND:US1TXTN0023,76051,0
1578,2010-10-06,GHCND:USW00013874,30337,0
1579,2010-10-07,GHCND:USW00014792,08628,0
1580,2010-10-07,GHCND:USW00093821,40213,0
1581,2010-10-07,GHCND:USW00003102,91761,0
1582,2010-10-07,GHCND:USC00516395,96818,0
1583,2010-10-07,GHCND:US1PADP0014,17057,97
1584,2010-10-07,GHCND:US1TXTN0023,76051,0
1585,2010-10-07,GHCND:USW00093721,21240,0
1586,2010-10-08,GHCND:USW00003947,64153,0
1587,2010-10-08,GHCND:USW00012960,77032,0
1588,2010-10-08,GHCND:US1UTSL0085,84116,10
1589,2010-10-08,GHCND:USW00093821,40213,0
1590,2010-10-08,GHCND:USC00313638,27834,0
1591,2010-10-08,GHCND:US1INMR0013,46241,0
1592,2010-10-08,GHCND:USW00012844,33406,0
1593,2010-10-09,GHCND:USW00094745,10604,0
1594,2010-10-10,GHCND:US1UTSL0085,84116,0
1595,2010-10-10,GHCND:USW00012815,32827,0
1596,2010-10-10,GHCND:USW00014732,11371,0
1597,2010-10-10,GHCND:US1FLDV0037,32218,0
1598,2010-10-10,GHCND:USW00023174,90045,0
1599,2010-10-11,GHCND:USW00023234,94128,0
1600,2010-10-11,GHCND:US1TXTN0023,76051,0
1601,2010-10-11,GHCND:USC00111577,60638,0
1602,2010-10-11,GHCND:USC00084625,34741,0
1603,2010-10-11,GHCND:USW00094745,10604,79
1604,2010-10-11,GHCND:USC00148847,67209,0
1605,2010-10-12,GHCND:USW00012916,70062,23
1606,2010-10-12,GHCND:US1CASD0034,92008,0
1607,2010-10-12,GHCND:USC00445204,20110,0
1608,2010-10-12,GHCND:USW00013960,75235,0
1609,2010-10-12,GHCND:USW00013960,75235,0
1610,2010-10-12,GHCND:USW00014922,55450,0
1611,2010-10-12,GHCND:USW00014860,16505,69
1612,2010-10-12,GHCND:USW00014734,07114,8
1613,2010-10-12,GHCND:USW00012921,78216,0
1614,2010-10-12,GHCND:USW00094789,11430,3
1615,2010-10-12,GHCND:USW00012894,33913,0
1616,2010-10-12,GHCND:US1MOGR0051,65803,91
1617,2010-10-13,GHCND:USC00053079,81039,0
1618,2010-10-13,GHCND:USW00094789,11430,0
1619,2010-10-13,GHCND:USW00013904,78719,0
1620,2010-10-13,GHCND:USW00012842,33607,0
1621,2010-10-13,GHCND:US1TNDV0033,37214,94
1622,2010-10-13,GHCND:US1CATL0005,93277,0
1623,2010-10-14,GHCND:USW00093821,40213,0
1624,2010-10-14,GHCND:USC00083163,33315,15
1625,2010-10-15,GHCND:USW00093821,40213,0
1626,2010-10-15,GHCND:US1MAES0002,01915,411
1627,2010-10-15,GHCND:USW00014739,02128,300
1628,2010-10-15,GHCND:USW00012842,33607,0
1629,2010-10-15,GHCND:US1WYLM0005,82001,0
1630,2010-10-15,GHCND:USW00093821,40213,0
1631,2010-10-15,GHCND:USC00516395,96818,0
1632,2010-10-15,GHCND:USW00014839,53207,0
1633,2010-10-15,GHCND:USW00013781,19720,0
1634,2010-10-15,GHCND:USW00014739,02128,300
1635,2010-10-15,GHCND:USC00511038,96766,13
1636,2010-10-15,GHCND:USW00012842,33607,0
1637,2010-10-15,GHCND:USC00511038,96766,13
1638,2010-10-15,GHCND:USW00094847,48242,3
1639,2010-10-15,GHCND:USW00003017,80249,0
1640,2010-10-16,GHCND:USW00012815,32827,0
1641,2010-10-16,GHCND:USW00013748,28405,0
1642,2010-10-16,GHCND:USW00003017,80249,0
1643,2010-10-16,GHCND:USW00014837,53704,0
1644,2010-10-17,GHCND:US1CASC0037,95110,0
1645,2010-10-17,GHCND:USW00014732,11371,0
1646,2010-10-17,GHCND:USW00024229,97218,0
1647,2010-10-18,GHCND:USW00053968,75803,0
1648,2010-10-18,GHCND:USW00093821,40213,0
1649,2010-10-18,GHCND:USW00023234,94128,0
1650,2010-10-18,GHCND:USW00012918,77061,0
1651,2010-10-18,GHCND:USW00014764,04102,0
1652,2010-10-18,GHCND:USW00023183,85034,0
1653,2010-10-18,GHCND:USW00023174,90045,0
1654,2010-10-19,GHCND:US1CASC0037,95110,0
1655,2010-10-19,GHCND:USW00013722,27560,0
1656,2010-10-19,GHCND:USW00012918,77061,0
1657,2010-10-19,GHCND:USC00041194,91505,25
1658,2010-10-20,GHCND:US1LALY0005,70508,0
1659,2010-10-20,GHCND:USC00083163,33315,0
1660,2010-10-21,GHCND:USC00111577,60638,0
1661,2010-10-21,GHCND:USW00014740,06096,10
1662,2010-10-21,GHCND:USW00023160,85756,18
1663,2010-10-21,GHCND:USW00003017,80249,0
1664,2010-10-21,GHCND:USW00014734,07114,0
1665,2010-10-21,GHCND:USC00144695,67901,0
1666,2010-10-21,GHCND:USW00023234,94128,3
1667,2010-10-21,GHCND:USW00023188,92101,0
1668,2010-10-21,GHCND:USC00516395,96818,48
1669,2010-10-24,GHCND:USC00518543,96732,0
1670,2010-10-24,GHCND:USC00148847,67209,0
1671,2010-10-24,GHCND:USW00014734,07114,0
1672,2010-10-24,GHCND:USW00003947,64153,0
1673,2010-10-25,GHCND:USW00023230,94621,0
1674,2010-10-25,GHCND:USW00012854,32773,0
1675,2010-10-26,GHCND:USC00041194,91505,0
1676,2010-10-26,GHCND:USW00014735,12110,8
1677,2010-10-26,GHCND:USC00415701,78503,0
1678,2010-10-26,GHCND:USW00023232,95822,0
1679,2010-10-26,GHCND:USW00014821,43219,241
1680,2010-10-26,GHCND:USW00013904,78719,0
1681,2010-10-27,GHCND:USC00346659,73159,0
1682,2010-10-27,GHCND:USC00511038,96766,191
1683,2010-10-27,GHCND:USW00014734,07114,58
1684,2010-10-27,GHCND:USW00023230,94621,0
1685,2010-10-27,GHCND:USW00003017,80249,0
1686,2010-10-27,GHCND:US1MSAD0001,39120,43
1687,2010-10-27,GHCND:USW00013874,30337,597
1688,2010-10-27,GHCND:USC00516395,96818,84
1689,2010-10-27,GHCND:USW00013876,35212,142
1690,2010-10-27,GHCND:US1TNDV0033,37214,203
1691,2010-10-27,GHCND:USW00013766,27954,0
1692,2010-10-28,GHCND:USW00012921,78216,0
1693,2010-10-28,GHCND:USW00093721,21240,0
1694,2010-10-28,GHCND:USW00094789,11430,0
1695,2010-10-28,GHCND:USW00014734,07114,0
1696,2010-10-28,GHCND:USW00094789,11430,0
1697,2010-10-28,GHCND:USC00504991,99615,178
1698,2010-10-28,GHCND:USC00111577,60638,0
1699,2010-10-28,GHCND:US1FLES0010,32504,13
1700,2010-10-28,GHCND:USW00014820,44135,64
1701,2010-10-29,GHCND:USW00012815,32827,0
1702,2010-10-29,GHCND:USC00083163,33315,8
1703,2010-10-29,GHCND:USW00024229,97218,5
1704,2010-10-29,GHCND:USW00094789,11430,0
1705,2010-10-29,GHCND:USW00014734,07114,0
1706,2010-10-29,GHCND:US1TXTN0023,76051,0
1707,2010-10-29,GHCND:US1TXTN0023,76051,0
1708,2010-10-29,GHCND:USW00013893,38116,0
1709,2010-10-29,GHCND:USW00013876,35212,0
1710,2010-10-29,GHCND:US1WAWC0020,98226,10
1711,2010-10-29,GHCND:USW00013893,38116,0
1712,2010-10-29,GHCND:USW00014765,02886,0
1713,2010-10-29,GHCND:USW00014732,11371,0
1714,2010-10-29,GHCND:USW00012916,70062,0
1715,2010-10-29,GHCND:USW00093821,40213,0
1716,2010-10-29,GHCND:USW00093821,40213,0
1717,2010-10-30,GHCND:USC00445204,20110,0
1718,2010-10-30,GHCND:USC00083163,33315,0
1719,2010-10-31,GHCND:USW00014739,02128,0
1720,2010-10-31,GHCND:USW00013960,75235,0
1721,2010-10-31,GHCND:USC00190593,01915,0
1722,2010-10-31,GHCND:USW00093721,21240,0
1723,2010-10-31,GHCND:USW00003017,80249,0
1724,2010-11-01,GHCND:USC00083163,33315,394
1725,2010-11-01,GHCND:USW00023234,94128,0
1726,2010-11-01,GHCND:USW00023234,94128,0
1727,2010-11-01,GHCND:USW00003822,31408,0
1728,2010-11-01,GHCND:USW00014734,07114,0
1729,2010-11-01,GHCND:USW00023174,90045,0
1730,2010-11-01,GHCND:USW00014734,07114,0
1731,2010-11-01,GHCND:USW00014732,11371,0
1732,2010-11-01,GHCND:USW00014732,11371,0
1733,2010-11-01,GHCND:USW00014732,11371,0
1734,2010-11-01,GHCND:USW00012815,32827,0
1735,2010-11-02,GHCND:USW00024229,97218,0
1736,2010-11-02,GHCND:USW00014740,06096,0
1737,2010-11-02,GHCND:USW00003017,80249,0
1738,2010-11-02,GHCND:USC00041194,91505,0
1739,2010-11-02,GHCND:USW00014740,06096,0
1740,2010-11-02,GHCND:USW00014732,11371,0
1741,2010-11-02,GHCND:USW00094789,11430,0
1742,2010-11-02,GHCND:USW00094789,11430,0
1743,2010-11-03,GHCND:USW00023174,90045,0
1744,2010-11-03,GHCND:USW00023183,85034,0
1745,2010-11-03,GHCND:US1MDFR0009,21701,0
1746,2010-11-03,GHCND:USW00014839,53207,0
1747,2010-11-03,GHCND:USW00093225,95837,3
1748,2010-11-03,GHCND:USC00046646,94303,0
1749,2010-11-03,GHCND:USC00211891,56716,8
1750,2010-11-03,GHCND:USW00024229,97218,0
1751,2010-11-04,GHCND:USW00013893,38116,0
1752,2010-11-04,GHCND:USW00013960,75235,0
1753,2010-11-04,GHCND:USW00014944,57104,0
1754,2010-11-04,GHCND:USC00221738,38732,0
1755,2010-11-04,GHCND:USW00012842,33607,353
1756,2010-11-04,GHCND:US1UTSL0085,84116,0
1757,2010-11-05,GHCND:USW00013881,28208,0
1758,2010-11-05,GHCND:USW00014922,55450,0
1759,2010-11-05,GHCND:USC00083163,33315,23
1760,2010-11-05,GHCND:US1WASJ0001,98250,3
1761,2010-11-05,GHCND:USW00014768,14624,81
1762,2010-11-05,GHCND:US1SCLX0038,29170,201
1763,2010-11-05,GHCND:USW00013881,28208,0
1764,2010-11-05,GHCND:USW00093718,29577,3
1765,2010-11-05,GHCND:USW00014820,44135,33
1766,2010-11-05,GHCND:USW00013874,30337,3
1767,2010-11-06,GHCND:USW00013881,28208,0
1768,2010-11-06,GHCND:USW00023169,89119,0
1769,2010-11-06,GHCND:USW00003017,80249,0
1770,2010-11-06,GHCND:USW00014739,02128,0
1771,2010-11-06,GHCND:USW00094789,11430,0
1772,2010-11-07,GHCND:USW00093225,95837,142
1773,2010-11-08,GHCND:USW00023174,90045,79
1774,2010-11-08,GHCND:USW00023293,95110,0
1775,2010-11-08,GHCND:USC00346659,73159,0
1776,2010-11-08,GHCND:USW00014942,68110,0
1777,2010-11-09,GHCND:USW00023230,94621,8
1778,2010-11-09,GHCND:USW00003017,80249,38
1779,2010-11-09,GHCND:USW00014735,12110,3
1780,2010-11-09,GHCND:US1FLDV0033,32221,0
1781,2010-11-09,GHCND:USW00023230,94621,8
1782,2010-11-09,GHCND:USW00012918,77061,0
1783,2010-11-09,GHCND:USC00500657,99901,0
1784,2010-11-09,GHCND:USW00013881,28208,0
1785,2010-11-09,GHCND:USW00014734,07114,0
1786,2010-11-10,GHCND:USW00093721,21240,0
1787,2010-11-10,GHCND:USW00093225,95837,3
1788,2010-11-10,GHCND:USW00023174,90045,0
1789,2010-11-10,GHCND:USW00014734,07114,0
1790,2010-11-10,GHCND:USW00094745,10604,0
1791,2010-11-10,GHCND:USW00014732,11371,0
1792,2010-11-11,GHCND:USW00093225,95837,0
1793,2010-11-11,GHCND:USW00012894,33913,0
1794,2010-11-11,GHCND:USW00014734,07114,0
1795,2010-11-11,GHCND:USW00093721,21240,0
1796,2010-11-11,GHCND:USW00014737,18109,0
1797,2010-11-12,GHCND:USW00014710,03103,0
1798,2010-11-12,GHCND:USW00013960,75235,64
1799,2010-11-12,GHCND:US1TXTN0023,76051,0
1800,2010-11-13,GHCND:USW00093225,95837,0
1801,2010-11-13,GHCND:USW00012844,33406,0
1802,2010-11-13,GHCND:USW00022536,96766,0
1803,2010-11-13,GHCND:USW00014820,44135,0
1804,2010-11-14,GHCND:USW00012815,32827,0
1805,2010-11-15,GHCND:USW00013881,28208,0
1806,2010-11-15,GHCND:USW00014739,02128,0
1807,2010-11-15,GHCND:USW00014922,55450,0
1808,2010-11-15,GHCND:US1TXTN0023,76051,0
1809,2010-11-15,GHCND:US1UTSL0085,84116,33
1810,2010-11-15,GHCND:USW00014739,02128,0
1811,2010-11-16,GHCND:US1MTFH0013,59901,130
1812,2010-11-16,GHCND:USW00012916,70062,0
1813,2010-11-16,GHCND:US1UTSL0085,84116,8
1814,2010-11-16,GHCND:USW00013838,36615,20
1815,2010-11-16,GHCND:USW00003017,80249,38
1816,2010-11-16,GHCND:USW00094789,11430,86
1817,2010-11-17,GHCND:USW00013960,75235,0
1818,2010-11-17,GHCND:US1TXTN0023,76051,0
1819,2010-11-17,GHCND:USW00023047,79111,0
1820,2010-11-17,GHCND:USC00082150,32114,0
1821,2010-11-17,GHCND:USW00012842,33607,0
1822,2010-11-17,GHCND:USW00003017,80249,0
1823,2010-11-17,GHCND:US1TNDV0033,37214,114
1824,2010-11-18,GHCND:USW00094846,60018,0
1825,2010-11-18,GHCND:USW00014922,55450,0
1826,2010-11-18,GHCND:USW00023234,94128,0
1827,2010-11-18,GHCND:USW00014739,02128,0
1828,2010-11-19,GHCND:US1IAWB0003,50501,0
1829,2010-11-19,GHCND:USW00093909,66031,0
1830,2010-11-19,GHCND:USW00014922,55450,0
1831,2010-11-20,GHCND:USW00094261,97124,43
1832,2010-11-21,GHCND:US1UTUN0001,84078,18
1833,2010-11-21,GHCND:USC00363343,15108,0
1834,2010-11-21,GHCND:US1SCLX0008,29170,0
1835,2010-11-22,GHCND:USW00094846,60018,348
1836,2010-11-22,GHCND:USC00346659,73159,0
1837,2010-11-22,GHCND:USW00014740,06096,0
1838,2010-11-23,GHCND:USC00088942,32780,112
1839,2010-11-23,GHCND:USW00012815,32827,0
1840,2010-11-23,GHCND:USW00023174,90045,10
1841,2010-11-23,GHCND:USW00023174,90045,10
1842,2010-11-23,GHCND:USW00093821,40213,81
1843,2010-11-24,GHCND:USW00023234,94128,0
1844,2010-11-24,GHCND:USW00013960,75235,0
1845,2010-11-24,GHCND:US1UTSL0085,84116,127
1846,2010-11-24,GHCND:USW00014734,07114,0
1847,2010-11-24,GHCND:US1FLDV0037,32218,0
1848,2010-11-26,GHCND:USW00023293,95110,0
1849,2010-11-26,GHCND:USW00014739,02128,41
1850,2010-11-26,GHCND:USW00093225,95837,0
1851,2010-11-26,GHCND:USW00013881,28208,43
1852,2010-11-26,GHCND:USW00003102,91761,0
1853,2010-11-26,GHCND:USW00014740,06096,41
1854,2010-11-26,GHCND:USW00093225,95837,0
1855,2010-11-27,GHCND:USW00014922,55450,0
1856,2010-11-29,GHCND:USW00012916,70062,23
1857,2010-11-30,GHCND:US1IDPW0003,83204,0
1858,2010-11-30,GHCND:USW00014739,02128,0
1859,2010-11-30,GHCND:USW00003102,91761,0
1860,2010-11-30,GHCND:USW00014839,53207,38
1861,2010-12-01,GHCND:USW00093821,40213,0
1862,2010-12-02,GHCND:USW00013881,28208,0
1863,2010-12-02,GHCND:USW00013904,78719,0
1864,2010-12-02,GHCND:USW00094741,07608,0
1865,2010-12-02,GHCND:USC00083163,33315,0
1866,2010-12-03,GHCND:USW00012921,78216,0
1867,2010-12-03,GHCND:USW00013722,27560,0
1868,2010-12-03,GHCND:US1ILWN0010,61109,0
1869,2010-12-03,GHCND:USW00023174,90045,0
1870,2010-12-03,GHCND:US1TXLL0019,78657,0
1871,2010-12-04,GHCND:USW00014732,11371,0
1872,2010-12-04,GHCND:USW00013970,70807,0
1873,2010-12-04,GHCND:US1TXTN0023,76051,0
1874,2010-12-04,GHCND:USW00024229,97218,0
1875,2010-12-06,GHCND:USW00022536,96766,0
1876,2010-12-07,GHCND:USW00093225,95837,3
1877,2010-12-07,GHCND:US1TXTN0023,76051,0
1878,2010-12-07,GHCND:USW00093821,40213,0
1879,2010-12-08,GHCND:USC00083163,33315,0
1880,2010-12-08,GHCND:US1TNDV0033,37214,0
1881,2010-12-09,GHCND:USW00003102,91761,0
1882,2010-12-11,GHCND:USC00083163,33315,0
1883,2010-12-11,GHCND:USW00003017,80249,0
1884,2010-12-11,GHCND:USC00041194,91505,0
1885,2010-12-11,GHCND:USW00012895,34946,0
1886,2010-12-11,GHCND:USW00093225,95837,3
1887,2010-12-13,GHCND:USW00012815,32827,0
1888,2010-12-13,GHCND:US1VANNC003,23602,84
1889,2010-12-14,GHCND:USW00093821,40213,0
1890,2010-12-14,GHCND:US1MSHR0007,39503,0
1891,2010-12-14,GHCND:USW00013904,78719,0
1892,2010-12-14,GHCND:USW00012894,33913,0
1893,2010-12-14,GHCND:USW00014732,11371,5
1894,2010-12-15,GHCND:USW00094789,11430,0
1895,2010-12-15,GHCND:US1GADH0002,31721,0
1896,2010-12-15,GHCND:USW00023174,90045,0
1897,2010-12-16,GHCND:USW00094789,11430,0
1898,2010-12-16,GHCND:USW00013881,28208,33
1899,2010-12-16,GHCND:USW00012894,33913,0
1900,2010-12-16,GHCND:US1TXTN0023,76051,0
1901,2010-12-16,GHCND:USW00012894,33913,0
1902,2010-12-17,GHCND:USW00093225,95837,137
1903,2010-12-17,GHCND:USW00023136,93010,109
1904,2010-12-18,GHCND:USC00043256,93727,234
1905,2010-12-18,GHCND:US1INMR0013,46241,0
1906,2010-12-18,GHCND:US1VANNC003,23602,8
1907,2010-12-18,GHCND:USW00022534,96729,0
1908,2010-12-20,GHCND:USW00012960,77032,0
1909,2010-12-20,GHCND:USW00022536,96766,76
1910,2010-12-21,GHCND:USW00023293,95110,30
1911,2010-12-21,GHCND:USW00093225,95837,28
1912,2010-12-22,GHCND:USW00093225,95837,112
1913,2010-12-22,GHCND:USC00446147,23502,0
1914,2010-12-22,GHCND:USW00012921,78216,3
1915,2010-12-23,GHCND:USW00014839,53207,0
1916,2010-12-23,GHCND:USW00023160,85756,41
1917,2010-12-24,GHCND:USW00093225,95837,3
1918,2010-12-24,GHCND:USW00093225,95837,3
1919,2010-12-24,GHCND:US1TXTN0023,76051,0
1920,2010-12-24,GHCND:USW00093225,95837,3
1921,2010-12-24,GHCND:USC00083163,33315,0
1922,2010-12-25,GHCND:USC00111577,60638,13
1923,2010-12-25,GHCND:USC00083163,33315,0
1924,2010-12-26,GHCND:USW00012844,33406,81
1925,2010-12-26,GHCND:USW00014740,06096,140
1926,2010-12-26,GHCND:USW00012894,33913,10
1927,2010-12-27,GHCND:USW00014740,06096,178
1928,2010-12-27,GHCND:USW00093225,95837,0
1929,2010-12-28,GHCND:USW00093067,80112,0
1930,2010-12-28,GHCND:USC00086078,34104,0
1931,2010-12-29,GHCND:USW00012842,33607,0
1932,2010-12-30,GHCND:USC00421144,84083,13
1933,2010-12-30,GHCND:USW00012894,33913,0
1934,2010-12-30,GHCND:USW00013970,70807,30
1935,2010-12-30,GHCND:USW00014732,11371,0
1936,2010-12-31,GHCND:USW00003017,80249,30
1937,2010-12-31,GHCND:USW00093225,95837,0
